LOCATION,SKU_ID,DESCRIPTION,ARTICLE_NUMBER,CASE_HEIGHT,CASE_LENGTH,CASE_WIDTH,CASE_WEIGHT,CASE_VOLUME,PALLET_QTY,LAYER_QTY,PALLET_VOLUME
DC2210,1038576,SS CHEESE MOZZARELLA PIZZA,21383785,0.2,0.52,0.26,24.5,0.027,40,8,1.22
PX2214,1044429,BRIL CHCLTE DOUBLE FUDGE ICING,21529184,0.32,0.3,0.3,19.05,0.0288,36,12,1.1712
PX1210,1002631,LACT MY CNTRY BUTTER SWT,20109179,0.26,0.34,0.28,18.65,0.0248,48,12,1.2688
PX1519,1007440,LACT BUTTER SALT,20639926,0.25,0.33,0.27,18.65,0.0223,48,12,1.22
PX1111,1006035,NN UNSALTED BUTTER,20316543002,0.36,0.32,0.24,18.65,0.0276,42,14,1.3176
PX1119,1015188,GAY LEA SALTED BUTTER,20559408,0.27,0.33,0.26,18.65,0.0232,56,14,1.3176
PX1218,1014627,Gay Lea Unsalted Butter,20559466,0.29,0.34,0.26,18.65,0.0256,56,14,1.4152
PX1311,1010290,NN SALTED BUTTER,20325029,0.33,0.26,0.33,18.61,0.0283,42,14,1.2078
PX2018,1003424,TROP LOTS PULP GRVSTD,20119756002,0.27,0.5,0.24,17.9,0.0324,50,10,1.647
PX2418,1003426,TROP W PULP HOMESTYLE,20119756003,0.29,0.51,0.23,17.82,0.034,50,10,1.769
PX2810,1000029,SIMPLY RASPBERRY LEMONADE,20757160002,0.29,0.5,0.24,17.8,0.0348,50,10,1.769
PX2119,1000028,SIMPLY LEMONADE,20757160001,0.29,0.5,0.24,17.78,0.0348,50,10,1.769
PX2614,1003423,TROP NO PULP JUICE 100%,20119756001,0.27,0.5,0.24,17.75,0.0324,50,10,1.647
PX2814,1028111,GOLD PEAK ICED TEA LEMON,21086076,0.27,0.49,0.24,17.408,0.0318,50,10,1.647
PX2818,1044468,GOLD PEAK ICED TEA RASPBERRY,21086080,0.27,0.49,0.24,17.408,0.0318,50,10,1.647
DB3214,1007708,IMPERIAL MARG QUARTERS,20164195,0.28,0.4,0.2,17.24,0.0224,75,15,1.708
DB2919,1005543,NO NAME BAKING MARGARINE,20774456,0.27,0.39,0.2,17,0.0211,60,15,1.3176
DB2911,1038936,PC BUTTER ALTERNTVE SALTED,21381941,0.24,0.38,0.2,16.8,0.0182,60,15,1.1712
DB2818,1038940,PC BUTTER ALTERNTVE UNSALTED,21381971,0.26,0.38,0.2,16.8,0.0198,60,15,1.2688
PX2014,1037723,DELMONTE OR JUICE BLND NO PULP,21362122,0.28,0.49,0.23,16.69,0.0316,50,10,1.708
PX3214,1037734,DELMONTE OR JUICE BLND WT PULP,21362116,0.28,0.49,0.23,16.69,0.0316,50,10,1.708
PX3018,1041316,DEL MONTE JUICE PINEAPPLE ORNG,21437174,0.28,0.49,0.23,16.69,0.0316,50,10,1.708
PX2010,1044531,PC ORANGE JUICE NO PULP,21531644,0.28,0.49,0.23,16.69,0.0316,50,10,1.708
PX2115,1044529,PC ORANGE JUICE WITH PULP,21531646,0.28,0.49,0.23,16.69,0.0316,50,10,1.708
PX3010,1044530,PCBM ORANGE JUICE CALCIUM,21531649,0.28,0.49,0.23,16.69,0.0316,50,10,1.708
PX2618,1041314,DEL MONTE JUICE GUAVA MANGO BL,21437381,0.28,0.49,0.23,16.69,0.0316,50,10,1.708
DB4111,1003278,NN MARG PARCHMENT,20132489,0.28,0.44,0.19,16.6,0.0234,60,15,1.3664
PX2610,1003928,SIMPLY OJ 100% PULP FREE,20151025001,0.28,0.5,0.24,16.5,0.0336,50,10,1.708
PX3210,1003930,SIMPLY OJ 100% WITH PULP,20151025002,0.28,0.5,0.24,16.5,0.0336,50,10,1.708
PX2210,1010497,TRP ESSEN CALN/PULP,20324177001,0.27,0.5,0.24,15.78,0.0324,50,10,1.647
DA3315,1009871,MINUTE MAID OJ ORIGINAL,20345605004,0.26,0.42,0.21,15.65,0.0229,75,15,1.586
DA3614,1017687,NO NAME RASPBERRY LEMONADE,20860007,0.25,0.4,0.21,15.45,0.021,75,15,1.525
PX3410,1011256,NESTEA LEMON ICED TEA,20348331004,0.26,0.42,0.21,15.3,0.0229,75,15,1.586
DA3915,1031527,PT TEA RAZZLEBERRY,21170670,0.24,0.41,0.21,15.174,0.0207,75,15,1.464
DA3618,1031555,PT TEA PEACH PARTY,21170681,0.24,0.41,0.21,15.174,0.0207,75,15,1.464
DC1515,1031907,NANAK FRESH PANEER,21167336,0.18,0.3,0.3,14.72,0.0162,48,12,0.8784
PX1915,1034312,NATREL CREAM 10%,21241447,0.25,0.3,0.24,14.55,0.018,75,15,1.525
DA2818,1031554,FRUITE ZESTY RASPBERRY BERRY,21169959,0.25,0.41,0.21,14.47,0.0215,90,15,1.83
DA3814,1031556,FRUITE DRINK LEMONADE,21169953,0.25,0.41,0.21,14.47,0.0215,90,15,1.83
DA2814,1044462,OASIS HB OR CAR MAN,21529542,0.25,0.41,0.21,14.33,0.0215,90,15,1.83
DA2511,1044467,OASIS SMOOTHIE TROPICAL MANGO,21529907,0.25,0.41,0.21,14.33,0.0215,75,15,1.525
PX3814,1044463,OASIS SMOOTHIE GREEN ACTIV,21529938,0.25,0.41,0.21,14.33,0.0215,75,15,1.525
PX4018,1044464,OASIS SMOOTHIE BERRY,21530281,0.25,0.41,0.21,14.33,0.0215,75,15,1.525
DA2610,1044465,OASIS HB BERRY POME,21529899,0.25,0.41,0.21,14.33,0.0215,75,15,1.525
DA1818,1044466,OASIS SMOOTHIE STRW BAN,21529910,0.25,0.41,0.21,14.33,0.0215,75,15,1.525
PX4014,1041891,DEL MONTE ORANGE FRM CON JUICE,20657656004,0.25,0.41,0.21,14.315,0.0215,75,15,1.525
DA3511,1002052,NN APPLE JUICE FROM CONCENTRAT,20311281,0.26,0.41,0.21,14,0.0224,75,15,1.586
DA3319,1002761,PC ORGANIC FC OJ PULP FREE,20107760001,0.26,0.4,0.2,14,0.0208,75,15,1.586
DA3818,1017697,NO NAME ICED TEA,20860677,0.27,0.44,0.22,14,0.0261,75,15,1.647
DA3715,1022751,NO NAME ORANGE JUICE WITH PULP,20969308,0.25,0.4,0.2,14,0.02,75,15,1.525
DA3515,1005565,NO NAME LEMONADE,20782771,0.26,0.41,0.21,14,0.0224,75,15,1.586
DA2810,1004791,TROPICANA CRANBERRY COCKTAIL,20315789003,0.26,0.4,0.2,14,0.0208,75,15,1.586
DA3214,1004195,NN JUICE ORANGE,20148160,0.27,0.41,0.21,14,0.0232,75,15,1.647
DA3911,1004920,TROPICANA TROPICS ORG/STRW/BAN,20315635001,0.26,0.4,0.2,14,0.0208,75,15,1.586
DA2515,1004922,TROPICNA TROPIC ORG/PEACH/MNGO,20315635002,0.26,0.42,0.21,14,0.0229,75,15,1.586
PX3818,1006576,PC JUICE PINEAPPLE,20321130,0.28,0.38,0.2,14,0.0213,75,15,1.708
DA3311,1008592,TROPICANA PURE PRM APPLE JCE,20190053,0.26,0.4,0.2,14,0.0208,75,15,1.586
DA3719,1009864,MM NUTRI HEART WISE,20345605001,0.26,0.41,0.21,14,0.0224,75,15,1.586
DA3418,1009865,MM NUTRI BONE SUPPORT,20345605002,0.27,0.41,0.21,14,0.0232,75,15,1.647
DA3519,1011452,FRUITOPIA STRAWBERRY PASSION,20347440001,0.26,0.42,0.21,14,0.0229,75,15,1.586
DA3210,1011454,FRUITOPIA FRUIT INTEGRATION,20347440002,0.26,0.42,0.21,14,0.0229,75,15,1.586
DA3610,1011457,FRUITOPIA BLUEBERRY WATERMELON,20347440004,0.26,0.41,0.21,14,0.0224,75,15,1.586
DA3414,1011252,FIVE ALIVE PASSIONATE PEACH,20348331001,0.26,0.42,0.21,14,0.0229,75,15,1.586
DA3115,1011254,FIVE ALIVE CITRUS,20348331002,0.26,0.42,0.21,14,0.0229,75,15,1.586
DA3010,1011255,FIVE ALIVE MANGO CITRUS,20348331003,0.26,0.42,0.21,14,0.0229,75,15,1.586
DA4018,1044263,PC LEMONADE CALAMANSI,21506771,0.26,0.4,0.22,13.74,0.0229,65,13,1.586
DA2519,1041323,PC RUBY RED GRAPEFRUIT JUICE,21430546,0.26,0.4,0.22,13.74,0.0229,65,13,1.586
PX3610,1041324,PC ORANGE JUICE EXTRA PULP,21430537,0.26,0.4,0.22,13.74,0.0229,65,13,1.586
PX3418,1041321,PC ORANGE JUICE NO PULP,21430531,0.26,0.4,0.22,13.74,0.0229,65,13,1.586
PX4010,1041326,PC ORANGE JUICE WITH PULP,21430539,0.26,0.4,0.22,13.74,0.0229,65,13,1.586
PX3414,1041287,PC LEMON ICED TEA,21430684,0.26,0.4,0.22,13.74,0.0229,65,13,1.586
DA3919,1041288,PC ORIGINAL LEMONADE,21430542,0.26,0.4,0.22,13.74,0.0229,65,13,1.586
DA4111,1041289,PC GREEN TEA CUCUMBER MINT,21430567,0.26,0.4,0.22,13.74,0.0229,65,13,1.586
PX3614,1041290,PC WHITE TEA LAVENDER,21430637,0.26,0.4,0.22,13.74,0.0229,65,13,1.586
DA4119,1041291,PC HIBISCUS BERRY TEA,21430670,0.26,0.4,0.22,13.74,0.0229,65,13,1.586
DA3014,1041292,PC LEMONADE JALAPENO,21430650,0.26,0.4,0.22,13.74,0.0229,65,13,1.586
DA4115,1041293,PC LEMONADE MANGO RASPBERRY,21430694,0.26,0.4,0.22,13.74,0.0229,65,13,1.586
DA3111,1041286,PC STRAWBERRY LEMONADE,21430552,0.26,0.4,0.22,13.74,0.0229,65,13,1.586
DA2410,1026346,COFFEE-MATE LIQUID FRENCH VAN,21034225,0.28,0.36,0.24,13.7,0.0242,65,13,1.708
DA2315,1031865,CML DOUBLE DOUBLE,21183053,0.27,0.36,0.24,13.7,0.0233,78,13,1.9764
PX3810,1038201,OASIS ORANGE JUICE PULP NFC,21376780,0.26,0.39,0.24,13.61,0.0243,65,13,1.586
DA2418,1038202,OASIS ORANGE JUICE NO PULP NFC,21376778,0.28,0.39,0.23,13.61,0.0251,65,13,1.708
DA2214,1036603,COFFEE MATE LIQUID HAZELNUT,21303033,0.27,0.36,0.24,13.6,0.0233,65,13,1.647
PX1814,1042941,NATREL PLUS MILK 3.25%,21443660,0.3,0.26,0.2,13.23,0.0156,80,16,1.83
PX1614,1041542,NATREL PLUS MILK 2%,21443674,0.3,0.26,0.2,13.23,0.0156,80,16,1.83
PX1810,1041545,NATREL PLUS CHOCO MILK 2%,21443665,0.3,0.26,0.2,13.23,0.0156,80,16,1.83
PX2414,1044204,NATREL PLUS VANILLA MILK 2%,21525343,0.3,0.26,0.2,13.23,0.0156,80,16,1.83
DB4115,1008593,NN NON HYDRO MARGARINE,20182673,0.3,0.41,0.21,13.13,0.0258,65,13,1.83
DB3618,1040626,LACTANTIA PURFILTRE HOMG MILK,21424994,0.28,0.32,0.21,13.013,0.0188,75,15,1.708
DC3519,1040627,LACTANTIA PURFILTRE MILK 1%,21425018,0.28,0.32,0.21,13.013,0.0188,30,15,0.6832
DB3315,1040628,LACTANTIA PURFILTRE MILK 2%,21424991,0.28,0.32,0.21,13.013,0.0188,75,15,1.708
DC3015,1043239,LACTANTIA LACT FREE HOMG MILK,21441432,0.28,0.32,0.21,13.013,0.0188,75,15,1.708
DB2410,1043240,LACTANTIA LACTOSE FREE MILK 2%,21441429,0.28,0.32,0.21,13.013,0.0188,75,15,1.708
DC3111,1043241,LACTANTIA LACTOSE FREE MILK 1%,21441484,0.28,0.32,0.21,13.013,0.0188,30,15,0.6832
DB2014,1020401,EARTHS OWN AMN FRS UNSWTN VAN,20913872,0.25,0.3,0.22,13,0.0165,80,16,1.525
PX1610,1011171,MIRAGE MARG 100% SOYA,20006524,0.35,0.24,0.23,13,0.0193,80,20,1.708
PX1618,1013008,SS MARG 100% SOYBEAN SOFT,20053338001,0.37,0.24,0.24,13,0.0213,60,20,1.3542
DC4111,1036988,A2 MILK HOMOGENIZED 3.25%,21339266,0.27,0.32,0.23,12.85,0.0199,32,16,0.6588
DC4119,1036990,A2 MILK PARTLY SKIMMED 1%,21339277,0.27,0.32,0.23,12.85,0.0199,32,16,0.6588
DC4115,1036993,A2 MILK PARTLY SKIMMED 2%,21339272,0.27,0.32,0.23,12.85,0.0199,32,16,0.6588
DB2018,1020420,SILK CASHEW UNSWEETENED VAN,20914285,0.26,0.32,0.22,12.737,0.0183,80,16,1.586
DB2711,1034476,SILK CR OAT YEAH VA,21245361,0.25,0.3,0.23,12.72,0.0173,85,17,1.525
DG4111,1034672,HANS SALTY-SPICED LASSI,20436040,0.26,0.31,0.23,12.7,0.0185,90,15,1.9032
DB3115,1013157,MIRAGE MARGARINE SOYA ERA SEAL,20074944,0.22,0.4,0.3,12.61,0.0264,60,10,1.6104
DB2418,1003270,SILK VANILLA SOY BEV,20124384002,0.25,0.31,0.22,12.58,0.0171,80,16,1.525
DA2018,1034210,STARBUCKS MEDIUM ROAST,21215530,0.26,0.4,0.2,12.56,0.0208,75,15,1.586
DA2119,1034213,STARBUCKS BLONDE ROAST,21215527,0.26,0.4,0.2,12.56,0.0208,75,15,1.586
DB1410,1005039,ALMOND BREEZE VANILLA,20794060001,0.26,0.31,0.21,12.47,0.0169,80,16,1.586
DB2311,1034479,SILK CO ALM VA,21245360,0.25,0.3,0.23,12.358,0.0173,85,17,1.525
DB2614,1000427,PC BM CELEB MARGARNE NON HYDRO,20302492,0.27,0.4,0.27,12.3,0.0292,60,10,1.9764
DC1418,1004267,SS MARG 100% SOYBEAN SOFT,20159990,0.19,0.44,0.3,12.27,0.0251,64,8,1.8544
DB1311,1010570,EARTH'S OWN UNSWEETENED ALMOND,20327647,0.25,0.21,0.31,12.24,0.0163,80,16,1.525
DC2214,1008642,"MIRAGE MARG 100% SOYA, CP",20162225,0.2,0.44,0.32,12.2,0.0282,64,8,1.952
DD1218,1000646,BECEL MARG TUB SOFT,20297818002,0.17,0.48,0.32,12.02,0.0261,49,7,1.4518
PX1919,1016872,NATREL LACTOSE FREE HOMG MILK,20838388,0.3,0.26,0.2,12,0.0156,80,16,1.83
DC1519,1016547,"NATUREGG LIQUID EGG WHITES, C12",20820351002,0.19,0.3,0.24,12,0.0137,45,15,0.6954
DA2911,1016559,"PC BLUE MENU EGG WHITES, C12",20821364002,0.25,0.3,0.24,12,0.018,75,15,1.525
PX1711,1012660,NATREL LACTOSE FREE MILK 2%,20077874001,0.28,0.32,0.22,12,0.0197,80,16,1.708
PX1911,1012663,NATREL LACTOSE FREE MILK 1%,20077874003,0.27,0.3,0.23,12,0.0186,80,16,1.647
PX1719,1012715,NATREL LACTOSE FREE SKIM MILK,20077874004,0.28,0.31,0.21,12,0.0182,80,16,1.708
PX1715,1015207,NATREL LACTOSE FREE CREAM 10%,20595972,0.28,0.31,0.24,12,0.0208,75,15,1.708
DD1115,1000857,PC BM CELEB MARG LGT NON HYDRO,20299284,0.18,0.48,0.32,11.99,0.0276,42,7,1.3176
DB3210,1010210,BECEL MARG TUB SOFT,20322707001,0.3,0.4,0.27,11.98,0.0324,40,10,1.464
DB2814,1034543,BECEL MARGARINE WITH OLIVE OIL,21279391,0.25,0.4,0.27,11.969,0.027,60,10,1.83
DB2810,1034550,BECEL MARGARINE VEGAN,21279330,0.3,0.4,0.27,11.969,0.0324,50,10,1.83
DC1618,1034547,BECEL MARGARINE WITH OLIVE OIL,21279389,0.18,0.48,0.32,11.959,0.0276,49,7,1.5372
DC2014,1034555,BECEL MARGARINE SALT FREE,21279339,0.18,0.48,0.32,11.959,0.0276,49,7,1.5372
DD1111,1034551,BECEL MARGARINE VEGAN,21279333,0.18,0.48,0.32,11.959,0.0276,49,7,1.5372
DC1410,1014071,PC BM CELEB MARGRNE ORIGINAL,20604565,0.18,0.48,0.33,11.93,0.0285,42,7,1.3176
DB2719,1013006,I CANT BELVE ITS NOT BUTR MARG,20061949001,0.28,0.4,0.27,11.9,0.0302,40,10,1.3664
DB2515,1031866,EARTH'S OWN OAT MILK CHOCOLATE,21179354,0.25,0.3,0.22,11.88,0.0165,80,16,1.525
DC1218,1000647,BECEL MARG LIGHT SOFT TUB,20297818003,0.17,0.48,0.32,11.88,0.0261,49,7,1.4518
DB1515,1026458,SOFRESH OAT ORG,21037796,0.25,0.3,0.22,11.86,0.0165,80,16,1.525
DB2010,1026456,SOFRESH OAT VANILA,21037799,0.25,0.3,0.22,11.86,0.0165,80,16,1.525
DB1919,1029658,SO NICE ALMOND UNSW VAN ORG,21109099,0.25,0.3,0.22,11.86,0.0165,80,16,1.525
DB1111,1044117,EARO OAT ZERO SUGAR UNSW ORIG,21517729,0.25,0.3,0.22,11.86,0.0165,80,16,1.525
PX1418,1022359,NH CHOCOLATE BUTTERCREM,20778085,0.29,0.3,0.3,11.85,0.0261,48,12,1.4152
PX1414,1005076,LCL NH BTRCRM ICING VANILLA,20778087,0.3,0.31,0.31,11.85,0.0288,48,12,1.464
DB4014,1003471,NN MARG SPREAD 52% OIL,20132206,0.3,0.4,0.3,11.79,0.036,50,10,1.83
DA2111,1024593,PURE LEAF PEACH TEA GFPF,20958183,0.26,0.34,0.24,11.79,0.0212,75,15,1.586
DC1810,1013555,"BECEL MARG, CP",20023950,0.18,0.48,0.32,11.75,0.0276,42,7,1.3176
DB1210,1039976,PC COLD BREW COFFEE MEDIUM RST,21397831,0.27,0.29,0.22,11.73,0.0172,95,19,1.647
DA2014,1031533,Pure Leaf Tea Mango Hibiscus,21160988,0.3,0.34,0.24,11.7,0.0245,75,15,1.83
DA1014,1041554,PURE LEAF LEMON TEA LESS SUGAR,21430753,0.26,0.34,0.24,11.7,0.0212,75,15,1.586
DA1115,1025036,GOLD PEAK ICED TEA LEMON,21013891,0.26,0.34,0.22,11.635,0.0194,80,16,1.586
DA1414,1025037,GOLD PEAK ICED TEA RASPBERRY,21013895,0.26,0.34,0.22,11.635,0.0194,80,16,1.586
DD1919,1004881,NEILSON BUTTER SALTED,20775457,0.14,0.32,0.33,11.62,0.0148,81,9,1.5372
DD2519,1018926,NEILSON UNSALTED BUTTER,20800046,0.14,0.33,0.33,11.617,0.0152,81,9,1.5372
DB2610,1040591,SILK CREAMER SOY ORIG,21423292,0.25,0.3,0.23,11.569,0.0173,85,17,1.525
DB1414,1025527,PC COLD BREW COFFEE BLACK,21022542,0.25,0.29,0.22,11.46,0.016,76,19,1.22
DC3919,1032787,PC ORGANIC COLD BREW COFFEE,21194916,0.25,0.29,0.22,11.46,0.016,57,19,0.915
DB1618,1037179,SILK DF COCO OAT,21338550,0.25,0.3,0.23,11.433,0.0173,85,17,1.525
DC1614,1002457,PC BM CELEB MARGARNE ORIGINAL,20094736,0.18,0.48,0.34,11.35,0.0294,49,7,1.5372
DC3915,1000794,PC BM CELEB MARG LGT NON HYDRO,20300165,0.27,0.4,0.27,11.35,0.0292,20,10,0.6588
DB2915,1005789,PC LACTOSE FREE MARGARINE,20795472,0.27,0.4,0.26,11.35,0.0281,50,10,1.647
DB4018,1007748,NN NON HYDRO MARGARINE,20181483,0.26,0.4,0.26,11.35,0.027,60,10,1.9032
DC2018,1012460,NN NON HYDRO MARGARINE,20073675,0.18,0.48,0.32,11.35,0.0276,42,7,1.3176
DB2119,1002091,SILK SOY BEV UNSWTN,20308979,0.25,0.31,0.21,11.34,0.0163,80,16,1.525
DB2319,1003268,SILK PLAIN SOY BEV,20124384001,0.26,0.39,0.22,11.34,0.0223,80,16,1.586
DB1810,1003271,SILK CHOCOLATE SOY BEV,20124384003,0.25,0.31,0.22,11.34,0.0171,80,16,1.525
DB1911,1000279,EARTH'S OWN ALMOND FRESH BEVER,20299698001,0.26,0.31,0.22,11.34,0.0177,80,16,1.586
DB1814,1000280,EARTH'S OWN VAN ALMD FRSH BEV,20299698002,0.25,0.31,0.22,11.34,0.0171,80,16,1.525
DB1818,1000281,EARTHS OWN ALMND FRESH CHOCOLA,20299698003,0.25,0.3,0.21,11.34,0.0158,80,16,1.525
DB2414,1017854,SILK CASHEW UNSWEETENED,20863698,0.26,0.32,0.22,11.34,0.0183,80,16,1.586
DB1711,1005040,ALMOND UNSWEETENED VANILLA,20794060002,0.26,0.31,0.21,11.34,0.0169,80,16,1.586
DB2511,1005041,ALMOND BREEZE ORIGINAL,20794060003,0.26,0.31,0.21,11.34,0.0169,80,16,1.586
DB1519,1005043,ALMOND BREEZE UNSWTD ORIGINAL,20794060004,0.26,0.31,0.21,11.34,0.0169,80,16,1.586
DB1418,1005269,SILK TRUE COCONUT UNSWEETENED,20773777,0.26,0.32,0.22,11.34,0.0183,80,16,1.586
DB1511,1005323,SILK ALMND COCO UNSWEET BLND,20773780,0.25,0.31,0.21,11.34,0.0163,80,16,1.525
DB2210,1004716,SILK TRUE ALMOND ORIGINAL,20315090001,0.25,0.31,0.21,11.34,0.0163,80,16,1.525
DB1719,1010641,SILK TRUE ALMOND DARK CHOCOLAT,20328231001,0.25,0.31,0.21,11.34,0.0163,80,16,1.525
DB1315,1010642,SILK TRUE ALMOND UNSWEETEN,20328231002,0.25,0.31,0.21,11.34,0.0163,80,16,1.525
DB2715,1010643,SILK TRUE COCONUT ORIGINAL,20328231003,0.26,0.31,0.22,11.34,0.0177,80,16,1.586
DB1218,1010645,Silk True Almond Unsweet Van,20328231004,0.26,0.32,0.22,11.34,0.0183,80,16,1.586
DB1319,1034441,SILK OAT YEAH UNSW,21243598,0.26,0.31,0.21,11.319,0.0169,80,16,1.586
DB1614,1032785,SILK ESL OAT ORIGINAL PLAIN,21196119,0.26,0.31,0.21,11.319,0.0169,80,16,1.586
DB2218,1037160,SILK PRO VANILLA UNSWEETENED,21337489,0.26,0.31,0.21,11.314,0.0169,80,16,1.586
DB1915,1037156,SILK PRO ORIGIAL UNSWEETENED,21337480,0.26,0.31,0.21,11.314,0.0169,80,16,1.586
DB1610,1032786,SILK ESL OAT VANILLA,21196105,0.26,0.31,0.21,11.314,0.0169,80,16,1.586
DC3911,1031692,ALJUICE GUAVA,21128530,0.28,0.31,0.22,11.25,0.0191,32,16,0.6832
DC3719,1031690,ALPHONSO PREMIUM MANGO,21128528,0.28,0.31,0.22,11.25,0.0191,32,16,0.6832
DC3715,1031691,ALJUICE POMEGRANATE,21154289,0.28,0.31,0.22,11.25,0.0191,32,16,0.6832
DB2315,1044113,SILK ESL NEXTMILK WHOLE,21518871,0.26,0.31,0.21,11.222,0.0169,80,16,1.586
DB3010,1026742,BECEL WITH AVOCADO OIL,21044719,0.28,0.4,0.27,11.221,0.0302,40,10,1.3664
DB3018,1044695,COCR MARGARINE,21535355,0.17,0.5,0.27,11.1,0.023,72,8,1.8666
DD1010,1026741,BECEL WITH AVOCADO OIL,21044725,0.18,0.48,0.32,11.069,0.0276,49,7,1.5372
DD3410,1023273,OLYMPIC YOGURT-FRENCH VANILLA,20588444001,0.15,0.5,0.34,11,0.0255,63,7,1.647
DC3711,1037922,SS CHEESE BLEND ITALIAN SHRED,21362818,0.25,0.4,0.31,10.9,0.031,30,10,0.915
DC1818,1014054,PC BM CELEB OLIVE OIL MARGARIN,20604430,0.18,0.48,0.33,10.88,0.0285,42,7,1.3176
DB2214,1039031,SILK OAT VA UNSW,21396344,0.26,0.32,0.22,10.872,0.0183,80,16,1.586
DA2915,1044300,STARBUCKS COLD BREW UNSWT,21526019,0.25,0.38,0.19,10.87,0.0181,75,15,1.525
DA2614,1037726,STARBUCKS MACCHIATO CARAMEL,21354975,0.25,0.38,0.19,10.87,0.0181,75,15,1.525
DA2719,1037728,STARBUCKS LATTE VANILLA,21355022,0.25,0.38,0.19,10.87,0.0181,75,15,1.525
DC1715,1037916,SS CHEESE SHRED MED YELLOW,21362880,0.21,0.38,0.34,10.8,0.0271,27,9,0.7686
DC1711,1037921,SS CHEESE BLEND NACHO SHRED,21362802,0.23,0.4,0.3,10.8,0.0276,27,9,0.8418
DC1719,1037917,SS CHEESE BLEND SHRED MTJK CHD,21362797,0.21,0.39,0.34,10.8,0.0278,27,9,0.7686
DB1214,1042272,SILK ESL NM ORI,21457065,0.26,0.31,0.21,10.742,0.0169,80,16,1.586
DC1311,1037918,SS CHEESE BLEND SHRED PZMZ,21362808,0.2,0.4,0.33,10.7,0.0264,36,9,0.976
DC1315,1037919,SS CHEESE BLEND SHRD PUB MIX,21362853,0.21,0.39,0.34,10.7,0.0278,27,9,0.7686
DA2115,1000892,PURE LEAF RASPBERRY,20755752001,0.26,0.35,0.24,10.5,0.0218,75,15,1.586
DA2210,1000893,PURE LEAF LEMON,20755752002,0.26,0.35,0.24,10.5,0.0218,75,15,1.586
DB2519,1005182,SO NICE ORG ALMOND ORIGINAL,20794550001,0.25,0.31,0.22,10.5,0.0171,80,16,1.525
DB1715,1005183,SO NICE ORG ALMND UNSWEETENED,20794550002,0.25,0.31,0.22,10.5,0.0171,80,16,1.525
DF4010,1038189,KRAFT SINGLES LIGHT,21188390,0.2,0.39,0.2,10.411,0.0156,60,15,0.976
DC1511,1032262,VELVEETA SLICES 22,21188288,0.2,0.39,0.2,10.411,0.0156,60,15,0.976
DC2814,1032266,KRAFT SINGLES THIN,21188654,0.21,0.4,0.2,10.411,0.0168,75,15,1.281
DC2410,1032267,KRAFT SINGLES SWISS,21188394,0.21,0.4,0.2,10.411,0.0168,75,15,1.281
DC1319,1032263,KRAFT SINGLES MOZZARELLA,21188340,0.21,0.4,0.2,10.41,0.0168,45,15,0.7686
DC2010,1034583,BD CHEESE THIN SLICE,21252564,0.21,0.36,0.19,10.407,0.0144,75,15,1.281
DC2414,1034570,BD CHEESE THIN SLICE LITE,21278703,0.21,0.36,0.19,10.407,0.0144,75,15,1.281
DC2610,1034552,BD CHSE THIN SLICE FAT FREE,21278720,0.21,0.36,0.19,10.407,0.0144,75,15,1.281
DC2618,1034558,BD CHEESE THICK SLICE,21278710,0.21,0.36,0.19,10.407,0.0144,75,15,1.281
DC2818,1032261,KRAFT SINGLES THICK,21189807,0.21,0.4,0.2,10.332,0.0168,75,15,1.281
DF3018,1038176,KRAFT SINGLES SHARP CHEDDAR,21188383,0.2,0.39,0.2,10.312,0.0156,30,15,0.488
DC1814,1041880,KRAFT SINGLES MILD 3 CHEESE,21188377,0.2,0.39,0.2,10.312,0.0156,30,15,0.488
DB3614,1037253,INDE FRENCH VANILLA CLASSIC,21337027,0.26,0.31,0.21,10.26,0.0169,64,16,1.2688
DB3719,1037256,INTERNATIONAL DELIGHT HAZELNUT,21345072,0.26,0.31,0.21,10.258,0.0169,96,16,1.9032
DB3014,1009246,OLIVINA MARGARINE,20249802,0.27,0.41,0.26,10.25,0.0288,30,10,0.9882
DA1111,1033594,TROP RED GRAPEFRUIT,21209809,0.26,0.32,0.24,10.2,0.02,80,16,1.586
DA1018,1033589,TROP OJ LOTS OF PULP,21209834,0.26,0.32,0.24,10.2,0.02,80,16,1.586
DC3311,1035635,NN CHEDDAR FLAVOUR THIN SL,21220995,0.25,0.28,0.19,10.2,0.0133,44,22,0.61
DA1315,1033590,TROP OJ SOME PULP,21209835,0.26,0.32,0.24,10.2,0.02,80,16,1.586
DA1218,1033591,TROP OJ NO PULP,21209836,0.26,0.32,0.24,10.2,0.02,80,16,1.586
DA1915,1037721,TROPICANA BEVERAGE MNGO PNAPPL,21354951,0.26,0.32,0.24,10.2,0.02,80,16,1.586
DA1614,1037725,TROPICANA BEV BLCKBRRY BLUBRRY,21354972,0.26,0.32,0.24,10.2,0.02,80,16,1.586
DA1618,1037736,TROPICANA LEMONADE,21354968,0.28,0.32,0.24,10.2,0.0215,80,16,1.708
DA2010,1037730,TROPICANA BEVERAGE WATERMELON,21354941,0.26,0.32,0.24,10.2,0.02,80,16,1.586
DA1418,1037733,TROPICANA BEVERAGE STRWBRY PCH,21354962,0.26,0.32,0.24,10.2,0.02,80,16,1.586
DB4119,1035148,NN CHEDDAR FLAVOUR THICK SL,21221009,0.25,0.28,0.19,10.2,0.0133,88,22,1.22
DC3315,1035151,NN LIGHT CHED FLAV THIN SLICE,21221011,0.25,0.28,0.19,10.2,0.0133,66,22,0.915
DC3511,1035157,NN SWISS FLAVOUR THIN SLICES,21279752,0.25,0.28,0.19,10.2,0.0133,66,22,0.915
DC3319,1035160,NN CLUB SIZE CHDR FLV THN SLCS,21221013,0.25,0.28,0.19,10.2,0.0133,66,22,0.915
DC3119,1035144,NN CHEDDAR FLAV THICK SLICES,21279754,0.25,0.28,0.19,10.2,0.0133,66,22,0.915
DC1214,1009498,LACTANTIA MARGARINE OMEGA 3,20249417001,0.16,0.48,0.32,10.2,0.0246,35,7,0.976
DB2115,1012892,SILK TRUE ALMOND VANILLA,20436299,0.26,0.3,0.2,10.14,0.0156,80,16,1.586
DA1610,1028103,SIMPLY JUICE ORANGE WITH PULP,21086085,0.28,0.32,0.2,10.1,0.0179,90,18,1.708
DA1810,1028109,SIMPLY JUICE ORANGE LOTS PULP,21086079,0.28,0.32,0.2,10.1,0.0179,90,18,1.708
DA1711,1028110,SIMPLY JUICE ORANGE PULP FREE,21086068,0.28,0.32,0.2,10.1,0.0179,90,18,1.708
DA1410,1028114,SIMPLY JUICE APPLE,21086064,0.27,0.27,0.21,10.1,0.0153,90,18,1.647
DA1119,1031525,SIMPLY JUICE DRINK LIMEADE,21170722,0.26,0.32,0.21,10.1,0.0175,90,18,1.586
DA1311,1031529,SIMPLY JUICE DRINK LEMONADE,21170793,0.26,0.32,0.21,10.1,0.0175,90,18,1.586
DA1911,1031531,SIMPLY JCE DRNK LMND RSPBRY,21170784,0.26,0.32,0.21,10.1,0.0175,90,18,1.586
DA1814,1037727,SIMPLY JUICE DRINK FRUIT PUNCH,21358455,0.26,0.27,0.2,10.1,0.014,90,18,1.586
DA2414,1041317,MINMAID ZRO SUGR AD MANGO PASN,21434100,0.26,0.27,0.21,10.1,0.0147,80,16,1.586
DA1214,1041318,MINMAID ZRO SGAR AD FRUIT PNCH,21434122,0.26,0.22,0.21,10.1,0.012,90,18,1.586
DA1010,1041322,MINMAID ZRO SUGR AD LEMONADE,21434119,0.26,0.32,0.21,10.1,0.0175,80,16,1.586
DA1919,1041320,MINMAID ZRO SUGR AD PINK LMNDE,21434019,0.26,0.32,0.21,10.1,0.0175,80,16,1.586
DA1319,1031534,SIMPLY JUICE DRINK PEACH,21170790,0.28,0.32,0.21,10.08,0.0188,90,18,1.708
DA2319,1031535,SIMPLY JUICE DRINK WATERMELON,21170702,0.26,0.32,0.21,10.08,0.0175,90,18,1.586
DC2349,1005570,NO NAME MONTEREY JACK BLOCK,20788080,0.19,0.3,0.2,10.08,0.0114,80,20,0.9272
DC3115,1030736,FAIRLIFE ULTRFILTRD 3.25% MILK,21128348,0.26,0.3,0.2,10.07,0.0156,40,20,0.6344
DB3410,1030879,FAIRLIFE ULTRAFILTRD 2% CHOC,21128371,0.26,0.3,0.2,10.07,0.0156,100,20,1.586
DB3519,1030882,FAIRLIFE ULTRAFILTRD 2% MILK,21128369,0.26,0.3,0.2,10.07,0.0156,100,20,1.586
DB3319,1030884,FAIRLIFE ULTRFILTRD SKIM MILK,21128364,0.26,0.3,0.2,10.07,0.0156,100,20,1.586
DE4010,1028268,BECE MARG SALTED STICKS,21088919,0.16,0.34,0.27,9.979,0.0147,84,12,1.3664
DC2341,1028270,BECE MARG UNSLTD STKS,21088940,0.15,0.34,0.26,9.979,0.0133,60,12,0.915
DD2418,1001398,PC BUTTER FRESH UNSLT QTRS,20313456001,0.14,0.34,0.27,9.97,0.0129,96,12,1.3664
DC2345,1001400,PC BUTTER FRESH QTRS SALTED,20313456002,0.14,0.34,0.27,9.97,0.0129,72,12,1.0248
DD2214,1004851,LACT BUTTER SALT QTRS,20315960,0.14,0.34,0.28,9.97,0.0133,96,12,1.3664
DB3414,1037835,FAIRLIFE MILK 1%,21358817,0.27,0.3,0.19,9.946,0.0154,100,20,1.647
DD2511,1026979,LAC BUTTER STK SLTD SEA SALT,21048044,0.14,0.33,0.26,9.691,0.012,96,12,1.3664
DD3218,1012943,LACT MY CNTRY BUTTER UNSALT,20056675,0.15,0.34,0.26,9.68,0.0133,96,12,1.464
DC2149,1028641,BRAR'S MALAI PANEER 375G,20283164,0.19,0.34,0.27,9.61,0.0174,42,14,0.6954
DD1319,1036212,"KRAFT PHIL CRM CHS BRK, CP",20017153002,0.21,0.29,0.26,9.57,0.0158,78,13,1.5372
DC2141,1003731,GAY LEA BUTTER QUARTERS 454G,20148873001,0.14,0.33,0.28,9.53,0.0129,66,11,1.0248
DC2145,1003732,GAY LEA BUTTER STICKS UNSLTED,20148873002,0.15,0.34,0.29,9.53,0.0148,55,11,0.915
DC1949,1035311,NANAK RETAIL PANEER,21286158,0.18,0.32,0.31,9.5,0.0179,48,12,0.8784
DA1210,1029810,TROPICANA TROP50 ORANGE NOPULP,21106112,0.26,0.31,0.23,9.4,0.0185,80,16,1.586
DA1715,1029811,TROPICANA TROP50 ORANGE PULP,21106114,0.26,0.32,0.24,9.4,0.02,80,16,1.586
DC4029,1001687,NN-CP MILD CHEDDR CHEESE,20307912,0.19,0.3,0.19,9.35,0.0108,80,20,0.9272
DC1749,1007926,NN-CP MED CHEDDAR CHS CP,20178500,0.19,0.29,0.19,9.35,0.0105,80,20,0.9272
DC1345,1012580,NN-CP OLD CHEDDAR CHEESE CP,20077817,0.2,0.3,0.2,9.35,0.012,80,20,0.976
DC2915,1032875,STOK COLD BREW COFEE SWEET-ISH,21203737,0.28,0.32,0.21,9.342,0.0188,32,16,0.6832
DC2919,1032876,STOK COLD BREW COFFEE UN-SWEET,21203739,0.28,0.32,0.21,9.342,0.0188,32,16,0.6832
DC2711,1034307,LACTANTIA ULTPUR MILK BOTL,21239137,0.26,0.28,0.19,9.29,0.0138,40,20,0.6344
DC2715,1034309,LACTANTIA CHOC MILK BOTL,21239130,0.26,0.28,0.19,9.29,0.0138,40,20,0.6344
DC3418,1030904,LACTANTIA PF MILK 1%,21107148,0.3,0.38,0.2,9.29,0.0228,60,20,1.098
DC3024,1030901,LACTANTIA PF MILK 2%,21107359,0.27,0.28,0.19,9.29,0.0144,100,20,1.647
DB3311,1030897,LACTANTIA MILK 2% ORG,21154199,0.26,0.28,0.19,9.29,0.0138,100,20,1.586
DC3821,1030898,LACTANTIA MILK 1% ORG,21154197,0.27,0.28,0.19,9.29,0.0144,40,20,0.6588
DC2719,1030896,LAC ORG MILK 3.8%,21154275,0.27,0.28,0.19,9.29,0.0144,40,20,0.6588
DB1115,1044170,LCTN ULTPUR HOMG MILK BOTL,21496739,0.26,0.28,0.19,9.29,0.0138,40,20,0.6344
DB1119,1044171,LCTN ULTPUR SKIM MILK BOTL,21496759,0.26,0.28,0.19,9.29,0.0138,40,20,0.6344
DD1915,1010303,LACT BUTTER UNSALT,20296112005,0.14,0.34,0.25,9.25,0.0119,96,12,1.3664
DC1745,1000209,NN-CP MARBLE CHEDDAR CHS CP,20299193,0.2,0.3,0.2,9.07,0.012,80,20,0.976
DB3111,1044693,IMPERIAL MARGARINE,21535351,0.23,0.41,0.28,9.07,0.0264,70,10,1.9642
DC1741,1025273,SAPUTO MOZZARELLISSIMA,20107017001,0.11,0.43,0.26,9,0.0123,70,10,0.9394
DE3418,1007936,NN CRM CHS PASTEURIZED CP,20178876,0.17,0.28,0.26,9,0.0124,160,16,2.074
DD1214,1011935,IMPL MARGARINE,20084892,0.13,0.48,0.32,8.98,0.02,63,7,1.4274
DD1119,1034559,BECEL MARGARINE BUTTERY TASTE,21279341,0.17,0.48,0.32,8.979,0.0261,63,7,1.8666
DB2618,1034567,BECEL MARGARINE BUTTERY TASTE,21279362,0.23,0.4,0.27,8.958,0.0248,50,10,1.403
DC3635,1025271,SAPUTO MOZZARELLISSIMA LIGHT,20324502,0.11,0.43,0.26,8.85,0.0123,170,10,2.2814
DD1511,1023656,NN BAR OLD CHED,20975873,0.23,0.3,0.2,8.784,0.0138,100,20,1.403
DD1519,1023655,NN BAR FARMERS MARBLE,20975773,0.23,0.3,0.2,8.784,0.0138,100,20,1.403
DC1349,1031444,NN BAR MED CHED,20975786,0.2,0.3,0.19,8.784,0.0114,80,20,0.976
DC1541,1031445,NN BAR MARBLE CHED LIGHT,20975775,0.22,0.3,0.19,8.784,0.0125,60,20,0.8052
DC1545,1031446,NN BAR PIZZA MOZZARELLA,20975887,0.2,0.3,0.19,8.784,0.0114,80,20,0.976
DE3519,1025523,BD BAR EXTRA OLD MARBLE,21022385,0.17,0.33,0.24,8.75,0.0135,150,15,2.074
DE3919,1034569,BD MARBLE CHEESE,21279221,0.17,0.32,0.25,8.75,0.0136,120,15,1.6592
DE4115,1034556,BD CHEDDAR COLOURED MEDIUM,21279230,0.16,0.32,0.25,8.75,0.0128,120,15,1.5616
DD3414,1034557,BD MOZZARELLA CHEESE,21279225,0.15,0.33,0.24,8.75,0.0119,120,15,1.464
DD1414,1034561,BD CHEDDAR COLOURED MILD,21279185,0.2,0.36,0.2,8.75,0.0144,120,15,1.952
DE3610,1033312,BLACK DIAMOND CHD COL OLD,21208649,0.17,0.32,0.25,8.75,0.0136,150,15,2.074
DD4018,1033313,BLACK DIAMOND CHD WTE OLD,21208650,0.16,0.32,0.25,8.75,0.0128,165,15,2.1472
DF2614,1002691,NN NON HYDRO MARGARINE,20665613,0.14,0.48,0.33,8.62,0.0222,35,7,0.854
DE4119,1044445,BRIL SMPLICS CREAM CHSE ICING,21530123,0.23,0.24,0.24,8.62,0.0132,80,20,1.1224
DC3434,1043434,SAPUTO LF PIZZA MOZZARELLA 20%,21495970,0.12,0.37,0.26,8.6,0.0115,70,10,1.0248
DB3711,1041056,IOGO CRMY VANILLA 1.5% LF,21433581,0.27,0.21,0.32,8.512,0.0181,48,16,0.9882
DC3515,1007430,IOGO CRMY VANILLA 1.5%,20636092,0.27,0.32,0.22,8.51,0.019,32,16,0.6588
DC2745,1037695,IOGO CRMY STRAWBERRY 1.5%,20690267,0.27,0.22,0.32,8.5,0.019,32,16,0.6588
DF2745,1044850,NANAK KHOA RETAIL,21413887,0.17,0.32,0.32,8.5,0.0174,18,9,0.4148
DD2614,1041886,PC BAR MED CHED,21333349,0.14,0.28,0.28,8.096,0.011,84,12,1.1956
DD2711,1041882,PC BAR OLD CHED,21333354,0.14,0.28,0.28,8.062,0.011,84,12,1.1956
DC3428,1040487,MAGNOLIA CHEEZEE BLOCK,21330686,0.11,0.41,0.18,8,0.0081,48,12,0.5368
DD3010,1041892,PC BAR MARBLE CHED,21333360,0.14,0.28,0.28,7.878,0.011,84,12,1.1956
DC3432,1004440,BECO EGGS PICKLED,20141384,0.26,0.32,0.17,7.87,0.0141,147,21,2.2204
DD3618,1041873,PC BAR MOZZ 28%,21333373,0.14,0.28,0.28,7.807,0.011,84,12,1.1956
DC3228,1036697,ARM BAR MARBLE FIESTA,21334133,0.12,0.42,0.22,7.7,0.0111,192,12,2.3424
DC3026,1029346,ARMS CHEESE HAVARTI,21102802,0.13,0.4,0.23,7.6,0.012,84,12,1.1102
DC4019,1029349,ARMS CHEDDAR GARLIC AND HERB,21102797,0.12,0.41,0.23,7.6,0.0113,180,12,2.196
DC3438,1037224,ARM BAR PIZZA MOZZ 28%,21346556,0.12,0.42,0.22,7.6,0.0111,84,12,1.0248
DD2111,1037232,ARM BAR OLD CHED,21256609,0.12,0.41,0.22,7.6,0.0108,96,12,1.1712
DD2715,1035034,PC WHITE MILD SMOKED CHEDDAR,21289577,0.14,0.29,0.28,7.5,0.0114,84,12,1.1956
DC3413,1029345,ARMS MONTEREY JACK JALAPENO,21102800,0.12,0.41,0.23,7.5,0.0113,192,12,2.3424
DE3614,1035132,PC OLD YELLOW CHED LACT FREE,21289645,0.16,0.28,0.27,7.5,0.0121,84,12,1.3664
DD2610,1035150,NN CHEDDAR LIGHT MARBLE MILD,21289734,0.14,0.28,0.28,7.5,0.011,84,12,1.1956
DD3814,1035153,PC MONT JACK CHEESE,21289775,0.15,0.28,0.28,7.5,0.0118,84,12,1.281
DD2915,1035154,NN LIGHT MEDIUM YELLOW CHEDDAR,21289738,0.14,0.28,0.28,7.5,0.011,84,12,1.1956
DD3810,1035158,PC MARBLE CHEDDAR LACTOSE FREE,21289664,0.15,0.29,0.28,7.5,0.0122,120,12,1.83
DE3618,1035167,PC HAVARTI CHEESE,21289722,0.16,0.28,0.27,7.5,0.0121,84,12,1.3664
DE3711,1035176,NN CHEDDAR LIGHT OLD YELLOW,21289729,0.16,0.29,0.28,7.5,0.013,84,12,1.3664
DE3911,1035179,PC MONTEREY JACK WITH JALAPENO,21289763,0.16,0.28,0.28,7.5,0.0125,84,12,1.3664
DE3719,1035141,PC EXTRA OLD WHITE CHED,21289689,0.16,0.28,0.27,7.5,0.0121,84,12,1.3664
DE3915,1035143,NN PARTLY SKIM MOZZ CHEESE,21289706,0.16,0.28,0.27,7.5,0.0121,84,12,1.3664
DD2719,1035199,PC WHT MILD CHED HABAN CHEESE,21289756,0.14,0.29,0.28,7.5,0.0114,84,12,1.1956
DE3810,1035145,PC GOUDA CHEESE,21289708,0.16,0.28,0.27,7.5,0.0121,84,12,1.3664
DC3017,1036701,PC OLD WHITE CHEDDAR LACT FR,21289586,0.15,0.28,0.28,7.5,0.0118,156,12,2.379
DD2618,1037225,ARM BAR MEDIUM CHED LIGHT,21347136,0.14,0.28,0.28,7.5,0.011,84,12,1.1956
DD3818,1037227,ARM BAR OLD CHED LIGHT,21347105,0.15,0.29,0.27,7.5,0.0117,120,12,1.83
DD4010,1037228,ARM BAR PIZZA MOZZ LIGHT 18%,21347152,0.15,0.29,0.27,7.5,0.0117,120,12,1.83
DC3229,1037231,ARM BAR MARBLE CHED LIGHT,21346746,0.13,0.4,0.23,7.5,0.012,180,12,2.379
DF2618,1037234,ARM BAR MARBLE CHED,21255902,0.14,0.4,0.22,7.5,0.0123,72,12,1.0248
DD3210,1037236,ARM BAR MARBLE FIESTA,21346690,0.14,0.28,0.28,7.5,0.011,84,12,1.1956
DD2911,1037237,ARM BAR MARBLE CHED LIGHT,21347070,0.14,0.28,0.28,7.5,0.011,84,12,1.1956
DF2319,1000829,PB GRANDS FLAKY SUPREME 5 CT,20301101004,0.15,0.3,0.22,7.48,0.0099,80,16,0.915
DF2511,1000823,PILLSBURY GRANDS CIN RL CRM CH,20301101002,0.16,0.31,0.23,7.48,0.0114,85,17,0.976
DF3515,1029347,ARMS CHEDDAR EXTRA OLD WHITE,21102822,0.12,0.41,0.22,7.474,0.0108,84,12,1.0248
DD3018,1044426,BRIL PRPL DECO BTTERCRM FRSTNG,21529187,0.24,0.25,0.25,7.45,0.015,40,20,0.5856
DC3212,1038113,ICIM LABNEH TURKISH,21367589,0.18,0.46,0.22,7.36,0.0182,110,10,2.4156
DD3418,1035135,NN CHEDDAR CHEESE OLD YELLOW,21289751,0.15,0.29,0.28,7.2,0.0122,120,12,1.83
DD2818,1035177,NN YELLOW MILD CHEDDAR CHEESE,21289765,0.14,0.29,0.28,7.2,0.0114,120,12,1.708
DD3214,1035178,NN CHED CHEESE YELLOW MEDIUM,21289764,0.14,0.29,0.28,7.2,0.0114,120,12,1.708
DD4014,1035183,NN PIZZA MOZZ CHEESE 28% M.F.,21289761,0.15,0.29,0.28,7.2,0.0122,120,12,1.83
DD2810,1035137,NN FARMERS MARBLE,21289745,0.14,0.29,0.28,7.2,0.0114,120,12,1.708
DD2814,1037226,ARM BAR PIZZA MOZZ 28%,21347040,0.14,0.29,0.28,7.2,0.0114,84,12,1.1956
DD2919,1037229,ARM BAR MEDIUM CHED,21347244,0.14,0.29,0.28,7.2,0.0114,84,12,1.1956
DF3541,1037230,ARM BAR MEDIUM CHED,21255898,0.12,0.41,0.22,7.2,0.0108,84,12,1.0248
DD2218,1037233,ARM BAR OLD CHED,21346757,0.14,0.29,0.28,7.2,0.0114,84,12,1.1956
DD2115,1037235,ARM BAR MARBLE CHED,21346749,0.14,0.29,0.28,7.2,0.0114,84,12,1.1956
DF2244,1000822,PILLSBURY GRANDS CIN RLS REG,20301101001,0.16,0.31,0.23,7.17,0.0114,80,16,0.976
DC2515,1037842,NSTL COFM COFFEE MATE CRISP,21358520,0.26,0.28,0.19,7.13,0.0138,42,21,0.6344
DE4018,1044434,BRIL PINK BTTERCREME FRSTING,21529209,0.24,0.25,0.25,7.03,0.015,40,20,0.5856
DD2414,1044428,BRIL ORNGE BTTERCREME FRSTING,21529185,0.24,0.25,0.25,7.03,0.015,40,20,0.5856
DD3014,1044430,BRIL GREEN BTTERCREME FRSTING,21529188,0.24,0.25,0.25,7.03,0.015,40,20,0.5856
DE3414,1044431,BRIL RED DECO BTTRCREM FRSTING,21529221,0.24,0.25,0.25,7.03,0.015,60,20,0.8784
DE3511,1044427,BRIL BLUE BUTTERCREME FROSTING,21529220,0.24,0.25,0.25,7.03,0.015,40,20,0.5856
DE3814,1044433,BRIL YELLOW BUTTERCRM FRSTNG,21529218,0.24,0.25,0.25,7.03,0.015,40,20,0.5856
DC2541,1037837,NSTL COFM TURTLES LIQUID,21358528,0.26,0.28,0.19,7.02,0.0138,42,21,0.6344
DC3217,1038172,KRAFT SINGLES LIGHT,21188319,0.14,0.4,0.2,7.02,0.0112,60,15,0.6832
DD1210,1032260,"KRAFT SINGLES THIN, CP",21188312,0.15,0.41,0.2,7.02,0.0123,105,15,1.281
DF2418,1032258,"KRAFT SINGLES THICK, CP",21188400,0.15,0.41,0.2,6.967,0.0123,75,15,0.915
DC2749,1039943,NESTLE COFFEE MATE AFTER EIGHT,21405126,0.26,0.28,0.19,6.9,0.0138,42,21,0.6344
DC3541,1028401,COFFEEMATE LC FRENCHVANILLA,21091209,0.25,0.28,0.19,6.89,0.0133,42,21,0.61
DF2218,1023163,SILK CREAMER ALMOND HAZELNUT,20973399,0.16,0.31,0.24,6.88,0.0119,85,17,0.976
DC3349,1037839,ID MAPLE 946ML (6),21358115,0.24,0.29,0.2,6.853,0.0139,60,20,0.8784
DB3919,1034308,ID SEASONAL,21242388,0.26,0.29,0.2,6.853,0.0151,100,20,1.586
DA2311,1042956,ID ZS SEASONAL 946ML (6),21486331,0.24,0.3,0.2,6.848,0.0144,100,20,1.464
DE1711,1001966,NN SHREDS MED CHED,20306093,0.2,0.39,0.33,6.82,0.0257,80,10,1.952
DE1715,1003712,NN SHREDS NACHO,20142980,0.2,0.4,0.3,6.82,0.024,70,10,1.708
DE1618,1006303,NN SHREDS MOZZ,20317943,0.2,0.4,0.3,6.82,0.024,60,10,1.464
DC3011,1035636,CB BAR MONTEREY JACK CC,21290354,0.1,0.36,0.29,6.807,0.0104,209,11,2.318
DD2010,1035134,CB BAR MOZZARELLA CC,21290352,0.11,0.38,0.28,6.807,0.0117,121,11,1.4762
DD1818,1035168,CB BAR MARBLE CHEDDAR CC,21290384,0.1,0.36,0.29,6.807,0.0104,121,11,1.342
DD1814,1035156,CB BAR MED CHEDDAR CC,21290270,0.1,0.36,0.29,6.807,0.0104,121,11,1.342
DC3420,1035163,CB BAR OLD CHED LIGHT CC,21290377,0.1,0.36,0.29,6.807,0.0104,121,11,1.342
DD1719,1035174,CB BAR EXTRA OLD WH CHED CC,21290381,0.1,0.36,0.29,6.807,0.0104,121,11,1.342
DC3239,1035138,CB BAR MILD CHED CC,21290268,0.1,0.36,0.29,6.807,0.0104,121,11,1.342
DD2014,1035139,CB BAR OLD CHED CC,21290257,0.11,0.38,0.28,6.807,0.0117,121,11,1.4762
DC3424,1035186,CB BAR MARBLE CHED LIGHT CC,21290422,0.1,0.36,0.29,6.807,0.0104,121,11,1.342
DF2248,1044072,DANO OIKOS GRK YGRT 2% VA,21520280,0.12,0.32,0.32,6.804,0.0123,72,12,0.8784
DC3345,1028398,COFFEEMATE LC FF FRENCHVANILLA,21091206,0.24,0.28,0.18,6.8,0.0121,63,21,0.8784
DB3715,1028399,COFFEEMATE LC DOUBLEMATE,21091311,0.25,0.28,0.19,6.8,0.0133,126,21,1.83
DF1818,1025560,ARM SNACK MARBLE,21023012,0.19,0.36,0.33,6.8,0.0226,36,9,0.9272
DB3610,1028400,COFFEEMATE LC HAZELNUT,21091262,0.24,0.28,0.18,6.8,0.0121,126,21,1.7568
DC4025,1004342,ORG MEDW BUTTER UNSLTD ORGANIC,20153859001,0.15,0.3,0.15,6.8,0.0068,312,26,2.196
DE3515,1006615,GAY LEA SOUR CRM,20317536001,0.17,0.35,0.24,6.8,0.0143,104,13,1.6592
DE3218,1006617,GAY LEA SOUR CRM LT,20317536003,0.17,0.35,0.24,6.8,0.0143,104,13,1.6592
DC3427,1036702,ARM SNACK OLD CHED,21334178,0.18,0.36,0.3,6.8,0.0194,99,9,2.4156
DC2741,1028403,COFFEEMATE LC CARAMELMACCHIATO,21091176,0.25,0.28,0.18,6.77,0.0126,63,21,0.915
DC3832,1024740,ORG MEDW VANILLA KEFIR,20710883004,0.26,0.23,0.16,6.7,0.0096,196,28,2.2204
DH2719,1042846,OIKOS GREEK YOGURT 2% MF PLAIN,21477261,0.14,0.31,0.31,6.642,0.0135,120,12,1.708
DE3111,1012258,NN SOUR CRM FAT FREE,20085165,0.17,0.34,0.22,6.63,0.0127,104,13,1.6592
DD1311,1007378,PHIL CRM CHS PLAIN BRIC,20641267,0.21,0.41,0.13,6.6,0.0112,140,20,1.7934
DC4149,1021411,PCO KEFIR STRW,20941529,0.26,0.16,0.23,6.56,0.0096,60,30,0.6344
DC4141,1021342,PC KEFIR VANIILA,20939815,0.26,0.23,0.16,6.56,0.0096,60,30,0.6344
DC3341,1021485,PC ORGANIC KEFIR PLAIN,20944278,0.33,0.23,0.16,6.56,0.0121,60,30,0.8052
DC2511,1029660,PCO KEFIR COCONUT,21105766,0.27,0.23,0.18,6.56,0.0112,60,30,0.6588
DE2818,1006533,NN SOUR CRM LIGHT,20322987,0.17,0.35,0.24,6.55,0.0143,104,13,1.6592
DF2610,1016558,"PCBM FREE RUN EGG WHITES, C12",20821366002,0.15,0.3,0.24,6.53,0.0108,75,15,0.915
DC3633,1037218,PC ORGANICS FR EGG WHITES,21334400,0.16,0.32,0.23,6.53,0.0118,180,15,2.3424
DC3824,1016570,"NATUREGG FREE RUN EGG WHT, C12",20820130002,0.15,0.3,0.24,6.504,0.0108,90,15,1.098
DC4013,1032037,"EGG CREATIONS GARDEN VEG, C12",20820689002,0.15,0.31,0.23,6.5,0.0107,180,15,2.196
DF2515,1016560,"EGG CREATIONS ORIGINAL, C12",20820690002,0.15,0.3,0.24,6.5,0.0108,75,15,0.915
DC4017,1016568,"EGG CREATION CHESECHIVES, C12",20820683002,0.15,0.3,0.24,6.5,0.0108,180,15,2.196
DF2640,1016572,"NATUREGG SIMPLY EGG WHITES, C12",20820355002,0.15,0.3,0.24,6.5,0.0108,75,15,0.915
DC3626,1023684,"EGG CREATIONS WHOLE ORIG, C12",20984144002,0.15,0.3,0.24,6.5,0.0108,180,15,2.196
DC1915,1044787,SAPU MZRLSMA PZ SHRED LIGHT,21541411,0.2,0.39,0.29,6.5,0.0226,60,10,1.464
DC1919,1044788,SAPU ITALIANO 4 BLEND SHRED,21541484,0.2,0.39,0.29,6.5,0.0226,0,0,0
DC1911,1044789,SAPU MOZZARELLISSIMA SHRED,21541405,0.2,0.39,0.29,6.5,0.0226,60,10,1.464
DF2010,1041074,YOPLAIT TUBES ASSORTED,21391170,0.2,0.47,0.34,6.5,0.032,28,7,0.976
DC3149,1019313,ID COFFEE WHITNER FF.FRNH VAN,20895480001,0.24,0.29,0.19,6.477,0.0132,40,20,0.5856
DB3810,1019314,ID COFFEE WHITNER FRNH VANILLA,20895480002,0.24,0.29,0.19,6.477,0.0132,120,20,1.7568
DB3814,1019315,ID COFFEE WHITNER HAZELNUT,20895480003,0.24,0.29,0.19,6.477,0.0132,100,20,1.464
DC2549,1019316,ID COFFEE WHITNER BUTTER PECAN,20895480004,0.26,0.3,0.2,6.477,0.0156,40,20,0.6344
DC3145,1019317,ID COFFEE WHITNER FF HAZELNUT,20895480005,0.24,0.29,0.19,6.477,0.0132,60,20,0.8784
DC2545,1019318,ID COFFEE WHITNER IRISH CREAM,20895480006,0.25,0.29,0.19,6.477,0.0138,60,20,0.915
DF1315,1040256,KRAFT EXTRA SWISS,21411686,0.12,0.39,0.2,6.463,0.0094,90,15,0.8784
DC3410,1040257,KRAFT EXTRA CHEDDAR SL,21411880,0.12,0.4,0.19,6.463,0.0091,60,15,0.5856
DF3810,1010089,KOZY SHACK PUDDING RICE,20325154001,0.11,0.44,0.27,6.38,0.0131,63,9,0.9394
DF3814,1010090,KOZY SHACK PUDDING TAPIOCA,20325154002,0.11,0.44,0.27,6.38,0.0131,63,9,0.9394
DF3214,1031141,KOZY SHACK PUDDING DUTCH CHOC,20325154003,0.13,0.4,0.28,6.377,0.0146,54,9,0.9516
DG3919,1044047,PC GREEK YOGURT PLAIN 2%,21520199,0.15,0.35,0.23,6.37,0.0121,84,12,1.281
DG2711,1044065,PC GREEK YOGURT VANILLA 0%,21518403,0.15,0.35,0.23,6.37,0.0121,84,12,1.281
DG4119,1044066,PC GREEK YOGURT PLAIN 0%,21518400,0.15,0.35,0.23,6.37,0.0121,84,12,1.281
DG3214,1044061,PC GREEK YOGURT VANILLA 2%,21520200,0.15,0.35,0.23,6.37,0.0121,84,12,1.281
DE3319,1004153,NORDICA COTT CHEESE LOW FAT,20166239001,0.17,0.34,0.24,6.35,0.0139,104,13,1.6592
DE2919,1016349,NN COTTAGE CHSE FAT FREE,20183991003,0.17,0.35,0.24,6.35,0.0143,117,13,1.8666
DC3949,1023588,GAY LEA WHIPPED CREAM,20183351,0.26,0.28,0.2,6.35,0.0146,36,18,0.6344
DE3315,1000342,NN SOUR CRM REG TUB,20299657,0.17,0.35,0.24,6.35,0.0143,104,13,1.6592
DE2911,1006727,NORD COTT CHEESE 2%,20319458001,0.17,0.34,0.24,6.35,0.0139,104,13,1.6592
DE3214,1006781,NORD COTT CHEESE CRM,20319458002,0.17,0.34,0.24,6.35,0.0139,104,13,1.6592
DE3014,1006783,NORD COTT CHEESE LITE 1%,20319458003,0.17,0.34,0.24,6.35,0.0139,104,13,1.6592
DE3010,1006616,GAY LEA SOUR CRM EXT LT 1%,20317536002,0.17,0.35,0.24,6.35,0.0143,104,13,1.6592
DE3119,1008668,NN COTTAGE CHEESE LITE 1%,20183991001,0.17,0.34,0.24,6.35,0.0139,104,13,1.6592
DE3115,1008669,NN COTTAGE CHEESE 2%,20183991002,0.17,0.37,0.24,6.35,0.0151,130,13,2.074
DE1614,1002053,NN SHREDS CHED/MONT JACK,20309769,0.2,0.38,0.3,6.31,0.0228,80,10,1.952
DC1610,1044172,STBU MACCHIATO HAZELNUT MOCHA,21508916,0.25,0.26,0.17,6.31,0.0111,125,25,1.525
DE2315,1000825,PB RTB CHOCOLATE CHUNK & CHIP,20301101003,0.19,0.2,0.33,6.3,0.0125,162,18,2.0862
DF1911,1000832,PB RTB CHOCOLATE CHIP COOKIE,20301101005,0.19,0.2,0.33,6.3,0.0125,72,18,0.9272
DC2319,1027488,PC KEFIR MILK COCONUT,21060953,0.27,0.23,0.18,6.3,0.0112,60,30,0.6588
DC2519,1017441,PC KEFIR MANGO COCONUT,20840914001,0.27,0.23,0.15,6.3,0.0093,60,30,0.6588
DC3941,1017442,PC KEFIR STRAWBERRY,20840914002,0.27,0.23,0.18,6.3,0.0112,60,30,0.6588
DC1549,1040117,INDE HAZELNUT ZERO SUGAR,21405106,0.26,0.28,0.19,6.3,0.0138,40,20,0.6344
DC3815,1005306,NO NAME SWISS BLOCK CP,20788034,0.13,0.3,0.19,6.3,0.0074,280,20,2.2204
DB3218,1041217,ID ZS FRENCH VAN 946ML (6),21071278,0.31,0.3,0.2,6.3,0.0186,100,20,1.891
DE3715,1017807,SILK FOR COFFEE ALMOND VANILLA,20861935,0.16,0.31,0.24,6.287,0.0119,136,17,1.5616
DF1719,1009846,NN SHREDS EDAM/MOZZ,20326387,0.2,0.4,0.3,6.28,0.024,30,10,0.732
DC3549,1037836,STBU LATTE CINNAMON DOLCE,21358458,0.25,0.26,0.17,6.27,0.0111,75,25,0.915
DB3911,1037838,STBU MOCHA WHITE CHOCLATE,21358486,0.25,0.26,0.17,6.27,0.0111,125,25,1.525
DB3511,1037840,STBU MACCHIATO CARAMEL,21358473,0.25,0.26,0.17,6.27,0.0111,125,25,1.525
DC3637,1000894,SAPUTO MOZZARELLISSIMA LIGHT,20759241001,0.1,0.42,0.19,6.23,0.008,252,14,2.196
DF3818,1000895,SAPUTO MOZZARELLISSIMA,20759241002,0.11,0.42,0.19,6.23,0.0088,98,14,0.9394
DC3411,1043433,SAPUTO LF PIZZA MOZZARELLA 20%,21495983,0.1,0.43,0.19,6.2,0.0082,70,14,0.61
DC3545,1017443,PC KEFIR PLAIN,20840914003,0.27,0.23,0.15,6.2,0.0093,60,30,0.6588
DC4035,1025576,SAPUTO MOZZARELLISSIMA CC,21023058,0.11,0.44,0.2,6.19,0.0097,238,14,2.2814
DF2945,1040630,SILK FOR CO UNSW ALM VA,21400038,0.25,0.31,0.24,6.168,0.0186,51,17,0.915
DF2341,1042026,SILK DF WHIPPING CREAM COCONUT,21337504,0.15,0.31,0.23,6.153,0.0107,51,17,0.549
DC4145,1041209,STBU ALMD OAT CML MACH,21436900,0.25,0.26,0.17,6.14,0.0111,50,25,0.61
DC1119,1042825,IOGO NANO YOGURT STRAWBERRY,21481057,0.28,0.28,0.18,6.133,0.0141,88,22,1.3664
DC1115,1042826,IOGO NANO YOGURT VANILLA 1MF,21481056,0.28,0.28,0.18,6.133,0.0141,88,22,1.3664
DC1941,1041212,STBU ALMD OAT HAZELNUT,21436915,0.25,0.26,0.17,6.13,0.0111,50,25,0.61
DE3311,1043191,PBRY RTB COOKIE DOUGH REESE,21477773,0.18,0.33,0.2,6.096,0.0119,162,18,1.9764
DF3319,1006163,PB CHUB CHOCOLATE CHIP COOKIE,20318034001,0.12,0.33,0.23,6.02,0.0091,91,13,1.0248
DF3149,1006164,PB CHUB CHOCOLATE CHUNK COOKIE,20318034002,0.13,0.33,0.23,6.02,0.0099,78,13,0.9516
DF3444,1032669,PILLSBURY COOKIE DGH SUGAR,21193674,0.12,0.33,0.23,6.019,0.0091,91,13,1.0248
DF3418,1013217,KRAFT VELVEETA,20076573,0.12,0.32,0.21,6,0.0081,112,16,1.0248
DB4010,1041215,ID CARAMEL MAC 946ML (6),21439782,0.24,0.29,0.2,5.936,0.0139,120,20,1.7568
DE3410,1007747,PILLSBURY EASY ROLL PIE CRUST,20187585,0.17,0.32,0.28,5.93,0.0152,120,12,2.074
DD1315,1044694,IMPERIAL MARGARINE,21535357,0.21,0.33,0.22,5.9,0.0152,91,13,1.7934
DF2648,1040601,SILK FOR CO LTD ED SEASON,21400040,0.25,0.31,0.24,5.892,0.0186,51,17,0.915
DC4018,1037257,BEATRICE BFIT MILKSHAKE VAN,21345500,0.19,0.24,0.17,5.808,0.0078,220,22,2.318
DC3812,1037258,BEATRICE BFIT MILKSHAKE CHOC,21345511,0.19,0.24,0.17,5.808,0.0078,220,22,2.318
DG3814,1037532,PC SKYR PLAIN 0%,21347741,0.15,0.35,0.24,5.799,0.0126,96,12,1.464
DG3810,1037534,PC SKYR VANILLA 0%,21347727,0.15,0.35,0.24,5.799,0.0126,96,12,1.464
DE1410,1033690,NO NAME FARMER'S MARBLE SHRED,21200683,0.19,0.39,0.3,5.7,0.0222,60,10,1.3908
DC3436,1000292,NN BAR OLD CHED LIGHT,20301638,0.14,0.29,0.16,5.67,0.0065,273,21,2.2204
DC4030,1006663,KOZY SHACK TAPIOCA PUDDING NSA,20321764001,0.19,0.33,0.25,5.67,0.0157,140,14,2.318
DF2311,1006666,KOZY SHACK RICE PUDDING NSA,20321764003,0.17,0.33,0.25,5.67,0.014,70,14,1.037
DC3234,1034548,BECEL UNSALTED PLT BASED BRICK,21279387,0.14,0.26,0.21,5.669,0.0076,160,20,1.3664
DF2214,1034565,BECEL SALTED PLT BASED BRICK,21279365,0.13,0.26,0.21,5.669,0.0071,120,20,0.9516
DD1014,1044698,BECEL PLT BTR OLV OIL SLTD,21535352,0.16,0.26,0.21,5.669,0.0087,160,20,1.5616
DD1018,1044696,COCR MARGARINE,21535354,0.17,0.39,0.2,5.65,0.0133,135,15,1.8666
DF3349,1001729,PC BBY OATMEAL CHOC CHIP DOUGH,20314013001,0.12,0.32,0.26,5.6,0.01,84,12,1.0248
DF3749,1001731,PC BBY CHOC CHIP COOKIE DOUGH,20314013002,0.12,0.32,0.26,5.6,0.01,84,12,1.0248
DF2044,1036001,CKBR CHEESE COL MED SHRED,21303014,0.18,0.46,0.23,5.534,0.019,40,10,0.8784
DC3833,1002831,GAY LEA BUTTER SALTED,20108728001,0.13,0.32,0.15,5.44,0.0062,350,25,2.2204
DE1814,1006760,PILLSBURY PIZZA CRUST,20317832002,0.2,0.24,0.18,5.41,0.0086,182,26,1.708
DF1810,1002847,PILLSBURY TURNOVER APPLE,20121195001,0.19,0.3,0.18,5.4,0.0103,80,20,0.9272
DH1715,1001102,DANONE ACTIVIA RA/ST/BLU/PEA,20303412001,0.14,0.39,0.25,5.32,0.0137,156,12,2.2204
DH1018,1001150,DANONE ACTIVIA FF ST/VA/RAS/PE,20303412002,0.12,0.26,0.39,5.32,0.0122,156,12,1.9032
DH1119,1001152,DANONE ACTIVIA STRAWBERRY,20303412003,0.12,0.26,0.39,5.32,0.0122,156,12,1.9032
DH1410,1001154,DANONE ACTIVIA VANILLA/BLUBERR,20303412004,0.12,0.26,0.39,5.32,0.0122,156,12,1.9032
DH1515,1002308,DANONE ACTIVIA APP APR MAN PEA,20640892,0.12,0.4,0.26,5.32,0.0125,156,12,1.9032
DH1414,1031199,DANONE ACTIVIA CLUB PACK,20000093,0.14,0.38,0.26,5.32,0.0138,156,13,2.0496
DH1311,1005956,DANONE ACTIVIA BLUE/STRAW-RHUB,20322561003,0.12,0.39,0.26,5.32,0.0122,156,12,1.9032
DH1210,1010723,DANONE ACTIVIA FBR-STR/PE/BL/VAN,20340471001,0.12,0.26,0.39,5.32,0.0122,156,12,1.9032
DH1315,1014075,DANONE ACTIVIA CH/AP-BB/STR-RH,20608924,0.12,0.26,0.39,5.32,0.0122,156,12,1.9032
DH2014,1000548,ASTRO YOU PCH RSP STRW CHRRY,20300831,0.15,0.39,0.26,5.28,0.0152,140,10,2.562
DJ2614,1000691,AST ORIG YOG PCHFBSTRBLU MP,20301507001,0.12,0.39,0.26,5.28,0.0122,110,10,1.6104
DJ3010,1001713,SOURCE DESSERT SELECTION ASST,20310980001,0.12,0.37,0.29,5.27,0.0129,132,11,1.7568
DJ3119,1032645,YOPLAIT CREAMY DUO,20120316004,0.12,0.36,0.29,5.27,0.0125,132,11,1.7568
DH3911,1041077,YOPLAIT CREAMY STR/CHR/PCH/FB,20120316001,0.12,0.36,0.29,5.27,0.0125,132,11,1.7568
DJ3915,1029684,DAN ACT DRINK MIXED BERRY,21108458,0.12,0.28,0.37,5.267,0.0124,165,11,2.196
DJ3218,1029685,DANONE ACTIVIA DRINK STRAWBRRY,21108459,0.12,0.28,0.37,5.267,0.0124,165,11,2.196
DH3715,1031192,DANONE ACTV DRINK LF RASP,21162928,0.13,0.35,0.23,5.267,0.0105,143,11,2.0618
DC3230,1034553,BD CHEESE THIN SILCE,21278769,0.15,0.28,0.19,5.266,0.008,110,22,0.915
DJ4111,1032646,YOPLAIT CREAMY STR/BL/RASP/FB,20120316002,0.12,0.36,0.29,5.265,0.0125,132,11,1.7568
DH1014,1010028,DANONE ACTIVIA ST STR/VAN,20324741001,0.12,0.39,0.26,5.26,0.0122,156,12,1.9032
DH1610,1009829,DANONE ACTIVIA VANILLA,20325384002,0.12,0.4,0.27,5.26,0.013,156,12,1.9032
DC3013,1034545,BD SWISS CHEESE THIN SLICE,21278775,0.16,0.28,0.19,5.245,0.0085,264,22,2.3424
DC3211,1034546,BD MOZZ CHSE THIN SLC,21278776,0.16,0.28,0.19,5.245,0.0085,264,22,2.3424
DJ2919,1033285,IOGO CREAMY LACT FREE,21207564,0.12,0.35,0.29,5.234,0.0122,132,11,1.7568
DC3627,1041057,DANONE ACTIVIA PB VANILLA,21431221,0.12,0.26,0.39,5.227,0.0122,156,13,1.7568
DC4016,1041061,DANONE ACTIVIA PB CHRY-PCH,21430920,0.12,0.26,0.39,5.227,0.0122,48,12,0.5856
DC4010,1033618,PRESIDENT PREM BTR CUL UNSLTD,21209251,0.14,0.34,0.13,5.224,0.0062,325,25,2.2204
DC3827,1033619,PRES PREM BTR CUL SLTD,21209150,0.14,0.34,0.13,5.224,0.0062,325,25,2.2204
DJ2911,1006680,SOURCE YOGURT STR/FLD/RASP/PCH,20317317001,0.12,0.37,0.3,5.22,0.0133,132,11,1.7568
DJ3018,1006681,SOURCE YOGURT BLU/BLCK/STR/NEC,20317317002,0.12,0.37,0.29,5.22,0.0129,132,11,1.7568
DG1810,1004182,PC CREAMY STR VAN CHY LEMLIM,20699925001,0.12,0.39,0.26,5.21,0.0122,132,11,1.7568
DH1218,1004186,PC CREAMY STR RAS BLU PCH,20699925002,0.13,0.39,0.26,5.21,0.0132,132,11,1.9032
DJ2715,1007665,IOGO STRW RAS BLUBRY VAN 1.5%,20609583001,0.11,0.36,0.29,5.21,0.0115,132,11,1.6104
DJ1610,1007667,IOGO PI-CO-BA/RAS/OR-MA/PE-MA,20609583003,0.11,0.36,0.29,5.21,0.0115,132,11,1.6104
DJ3614,1014121,IOGO STRAW-RAS-CHERRY-FBERRY0%,20606778001,0.11,0.36,0.29,5.21,0.0115,132,11,1.6104
DJ2719,1014122,IOGO 0% STRW-BBRY-PEACH-VAN,20606778002,0.11,0.36,0.29,5.21,0.0115,132,11,1.6104
DJ4115,1044049,DACT YGRT PROB DRNKBL VANILLA,21520273,0.1,0.37,0.28,5.209,0.0104,165,11,1.83
DH1115,1026700,DANONE ACTIVIA FB STR/MAN/WILD,21043168,0.12,0.39,0.26,5.2,0.0122,156,12,1.9032
DH1214,1024759,DAN ACTIVIA YOGURT MULTIFRUIT,21006572,0.12,0.26,0.39,5.2,0.0122,156,12,1.9032
DC3012,1037978,GAY LEA BUTTER UNSALTED ORGANC,21361773,0.14,0.32,0.12,5.2,0.0054,350,25,2.3912
DH1618,1024727,DANONE ACTIVIA YOG VAN LACT FR,21005638,0.12,0.26,0.39,5.2,0.0122,156,12,1.9032
DH1519,1024732,DANONE ACTIVIA YOGURT BB BL BC,21005577,0.12,0.26,0.39,5.2,0.0122,156,12,1.9032
DH1319,1021545,DACT VA/ST/RA/CH GF PF LF,20944744,0.12,0.39,0.26,5.2,0.0122,156,12,1.9032
DH2311,1021541,DACT ST/BL/PE/MA GF PF LF,20944778,0.13,0.38,0.26,5.2,0.0128,156,12,2.0618
DH1010,1009832,DANONE ACTIVIA LEMON/PINEAP,20325384005,0.12,0.26,0.39,5.2,0.0122,156,12,1.9032
DJ2315,1044075,DANO KIDS DRINK YGRT VANILLA,21520257,0.11,0.37,0.29,5.195,0.0118,165,11,2.013
DJ3414,1041078,DANONE ACTIVIA DRINK STR-BAN,21430512,0.1,0.28,0.37,5.181,0.0104,165,11,1.83
DF3745,1002843,GAYLEA SPRDABLE BUT BLND LIGHT,20119926001,0.12,0.45,0.24,5.18,0.013,70,10,1.0248
DD2018,1002844,GAYLEA SPREADABLE BUTTER BLEND,20119926002,0.11,0.44,0.26,5.18,0.0126,120,10,1.6104
DH1614,1044058,DANO KIDS DRINK YGT STRAW,21520253,0.11,0.37,0.29,5.171,0.0118,165,11,2.013
DH3214,1044059,DANO KIDS DRINK YGT STRAW BANA,21520250,0.11,0.37,0.29,5.171,0.0118,165,11,2.013
DH2218,1044060,DANO KIDS DRINK YOG RASPBERRY,21520245,0.11,0.37,0.29,5.171,0.0118,165,11,2.013
DE2119,1002430,TROPICANA LEMONADE,20094308,0.2,0.26,0.18,5.17,0.0094,203,29,1.708
DE2014,1004240,TROPICANA PP ORIGINAL,20139722001,0.19,0.2,0.16,5.17,0.0061,203,29,1.6226
DE2115,1004293,TROPICANA JUICE ORNG PP HMSTYL,20139722002,0.18,0.21,0.16,5.17,0.006,203,29,1.5372
DE2214,1004296,TROPICANA TEMPTATIONS APPLE,20139722003,0.19,0.26,0.16,5.17,0.0079,203,29,1.6226
DC4015,1026986,LACT BUTTER LACTOSE FREE SLTD,21048193,0.14,0.34,0.14,5.16,0.0067,325,25,2.2204
DC3826,1027011,LACT BUTTER LAC FREE UNSLTD,21048965,0.14,0.34,0.15,5.158,0.0071,286,22,2.2204
DJ3210,1041055,DANONE ACTIVIA DRINK PEACH,21429117,0.1,0.36,0.28,5.157,0.0101,165,11,1.83
DH2511,1021539,ASTR ORIG STRW VAN CRM 6% GFPF,20944790,0.14,0.4,0.28,5.122,0.0157,110,10,1.8788
DC4028,1001238,ASTRO YOG SMTH&FRT VAN/RAS/PCH,20306802,0.15,0.4,0.28,5.12,0.0168,120,10,2.196
DC3031,1001443,ASTRO YOG SMTH FRT STR/BLU/CHR,20309798,0.15,0.4,0.28,5.12,0.0168,130,10,2.379
DH2119,1003967,NN MULTI VAN/PEA/STRAW/FIELD,20685574001,0.14,0.34,0.24,5.12,0.0114,110,10,1.8788
DJ3515,1003968,NN MULTI VAN/BLUE/STRAW/RASP,20685574002,0.12,0.4,0.28,5.12,0.0134,110,10,1.6104
DC3016,1037974,GAY LEA BUTTER SALTED ORGANIC,21361889,0.14,0.32,0.12,5.1,0.0054,350,25,2.3912
DC3416,1037979,GAY LEA BUTTER SEA SALTED,21361882,0.14,0.32,0.12,5.1,0.0054,350,25,2.3912
DC3014,1037976,GAY LEA BUTTER GRASS FED UNSLT,21361810,0.14,0.32,0.12,5.1,0.0054,350,25,2.3912
DC3620,1037977,GAY LEA BUTTER BAKERS GOLD 84%,21361681,0.14,0.32,0.12,5.1,0.0054,300,25,2.0496
DC3830,1037981,GAY LEA BUTTER GRASS FED SALT,21361785,0.14,0.32,0.12,5.1,0.0054,350,25,2.3912
DC3421,1009783,NN BAR PIZZA MOZZARELLA,20329874,0.14,0.29,0.16,5.1,0.0065,126,21,1.0248
DF3010,1009850,NN BAR FARMERS MARBLE,20331973,0.14,0.29,0.16,5.1,0.0065,105,21,0.854
DF2141,1006722,PILLSBURY ROLLS CINNAMON ICING,20320962002,0.17,0.25,0.18,5.08,0.0077,100,25,0.8296
DG3418,1001456,HANS DAIRY 2% NATURAL YOGURT,20313667,0.14,0.36,0.25,5,0.0126,117,13,1.5372
DG3519,1002394,HANS DAIRY 3.2% NATURAL YOGURT,20092811,0.14,0.36,0.25,5,0.0126,117,13,1.5372
DG3414,1034822,SUFRA PROBITICS YGRT PLAIN 3%,21246557,0.14,0.36,0.25,5,0.0126,120,12,1.708
DG3010,1006504,PC LF PLAIN YOGURT 2%,20796737,0.13,0.36,0.25,5,0.0117,144,12,1.9032
DG4014,1034818,SUFRA PROBIOTICS YGRT PLN 2%,21246554,0.14,0.36,0.25,5,0.0126,60,12,0.854
DC3227,1034814,SUFRA PROBITICS YGRT PLAIN 0%,21246560,0.14,0.36,0.25,5,0.0126,144,12,2.0496
DC2810,1038393,PCO SPARKLING KEFIR STRWBRY CO,21377650,0.2,0.22,0.15,4.99,0.0066,222,37,1.464
DC2218,1038394,PCO SPARKLNG KEFIR WTRMLN TULS,21377648,0.2,0.22,0.15,4.99,0.0066,222,37,1.464
DC2315,1038395,PCO SPARKLING KEFIR PEAR GINGR,21377641,0.2,0.22,0.15,4.99,0.0066,0,0,0
DJ3319,1042824,DANONE TWO GOOD YOGURT PLAIN,21477313,0.14,0.36,0.24,4.972,0.0121,156,13,2.0496
DH2715,1042820,DANONE TWO GOOD YOGURT VANILLA,21477597,0.14,0.36,0.24,4.972,0.0121,156,13,2.0496
DC3817,1001185,NN BAR PS MOZZARELLA,20311870,0.16,0.3,0.18,4.97,0.0086,252,21,2.3424
DF2519,1001636,NN BAR OLD CHED,20305854,0.15,0.29,0.16,4.97,0.007,105,21,0.915
DF2911,1044358,IOGO HEART OF FRUIT,21207563,0.11,0.36,0.29,4.97,0.0115,77,11,0.9394
DC3032,1000246,NN BAR MARBLE CHED LIGHT,20298441001,0.15,0.31,0.15,4.97,0.007,273,21,2.379
DC3624,1004787,NN BAR MED CHED,20316127,0.15,0.31,0.15,4.97,0.007,105,21,0.915
DC3010,1038000,PHILA CRM CHS LACT FR BRICK,21314936,0.22,0.23,0.14,4.968,0.0071,324,36,2.4156
DC3233,1001822,NN BAR MED CHED LIGHT,20307399,0.15,0.31,0.18,4.94,0.0084,273,21,2.379
DF1941,1021621,IOGO YOG GK 2% VAN GFPF,20946468,0.2,0.31,0.22,4.922,0.0136,64,16,0.976
DD2515,1032967,PC LCTF CRM CHSE BRIC,21184727,0.14,0.2,0.13,4.906,0.0036,360,36,1.708
DH3418,1004134,ASTRO BIOBEST YOG LCT PLN,20143263,0.14,0.39,0.25,4.88,0.0137,130,13,1.708
DH2814,1004918,ASTRO 1% PLAIN YOGURT,20315501,0.14,0.39,0.25,4.88,0.0137,130,13,1.708
DH2818,1008464,PC YOG ALL NAT PLAIN 1%,20180775001,0.14,0.35,0.23,4.88,0.0113,130,13,1.708
DH3319,1008128,ASTRO 2% PLAIN YOGURT,20170533001,0.14,0.39,0.25,4.88,0.0137,130,13,1.708
DH3410,1008129,ASTRO 3.0% PLAIN YOGURT,20170533002,0.14,0.39,0.25,4.88,0.0137,130,13,1.708
DH3218,1008130,ASTRO YOG PLN 0% NO FAT,20170533003,0.14,0.39,0.25,4.88,0.0137,130,13,1.708
DH2111,1009800,PARMA HALAL YOG 3% PLN,20343515,0.14,0.39,0.25,4.88,0.0137,130,13,1.708
DF2349,1006758,PILLSBURY CRESCENT ROLLS JUMBO,20317832001,0.17,0.24,0.19,4.85,0.0078,125,25,1.037
DC3028,1001483,SIMPLY LEMONADE,20766577,0.17,0.22,0.15,4.83,0.0056,112,28,0.8296
DE2010,1001747,SIMPLY ORANGE JUICE,20767362,0.19,0.2,0.16,4.83,0.0061,196,28,1.6226
DE2311,1001748,SIMPLY APPLE JUICE,20767363,0.18,0.2,0.16,4.83,0.0058,196,28,1.5372
DE2018,1019053,SIMPLY LEMONADE RASPBERRY,20882790,0.22,0.22,0.18,4.83,0.0087,196,28,1.8788
DH1915,1004354,ASTRO YOG PLN BALKAN STY,20165226001,0.14,0.39,0.25,4.83,0.0137,130,13,1.708
DF2315,1005758,PILLSBURY DINNER ROLLS FLAKY,20317832004,0.17,0.25,0.19,4.81,0.0081,125,25,1.037
DG3511,1003836,NN YOGURT PLAIN,20685942,0.14,0.32,0.24,4.8,0.0108,130,13,1.708
DG3210,1016638,NN COTTAGE CHEESE 1%,20833357,0.13,0.34,0.24,4.8,0.0106,130,13,1.586
DG3315,1016345,NN COTTAGE CHEESE 2%,20823988,0.14,0.34,0.23,4.8,0.0109,130,13,1.708
DC3417,1031960,KEVITA MBK TART CHERRY,21180983,0.29,0.21,0.14,4.8,0.0085,78,39,0.7076
DC3036,1030053,KEVITA DRINK ACV TRMRC GINGER,21116157,0.29,0.21,0.14,4.8,0.0085,78,39,0.7076
DC3425,1030054,KEVITA DRINK MBK PNPPL PEACH,21116164,0.29,0.21,0.14,4.8,0.0085,78,39,0.7076
DC3025,1030058,KEVITA DRINK KOMBUCHA GINGER,21116116,0.29,0.21,0.14,4.8,0.0085,78,39,0.7076
DF1014,1021923,PC SHREDS SALAD TOPPER,20310949006,0.23,0.51,0.2,4.8,0.0235,24,12,0.5612
DG3410,1011833,NORD COTT CHEESE LITE 1%,20021992001,0.14,0.34,0.24,4.8,0.0114,156,13,2.0496
DG3311,1011836,NORD COTT CHEESE 2%,20021992002,0.14,0.34,0.24,4.8,0.0114,130,13,1.708
DF3111,1012058,Parmalat Halal Yogourt 2%plain,20544362001,0.14,0.35,0.24,4.8,0.0118,78,13,1.0248
DC3023,1012059,Parma Halal Yog 0% Pln,20544362002,0.13,0.34,0.23,4.8,0.0102,169,13,2.0618
DH3119,1041104,SIGGI'S SKYR PLAIN 0%,21353892,0.13,0.36,0.24,4.8,0.0112,65,13,0.793
DC3625,1041054,SIGGI'S SKYR CRMY PLAIN 3.6%,21353865,0.13,0.36,0.24,4.8,0.0112,65,13,0.793
DG2618,1041066,SIGGI'S SKYR VANILLA 0%,21353874,0.13,0.36,0.24,4.8,0.0112,65,13,0.793
DG3715,1033953,DANONE OIKOS 11% EX CRM PLN,21216451,0.13,0.24,0.34,4.794,0.0106,156,13,1.9032
DG3610,1044050,PC GREEK YOGURT 0% COCONUT,21518313,0.15,0.35,0.23,4.78,0.0121,96,12,1.464
DG2919,1044062,PC GREEK YOGURT 0% VANILLA,21518405,0.15,0.35,0.23,4.78,0.0121,96,12,1.464
DG3111,1044063,PC GREEK YOGURT 2% PLAIN,21518407,0.15,0.35,0.23,4.78,0.0121,96,12,1.464
DG3818,1044052,PC GREEK YOGURT 2% VANILLA,21518314,0.17,0.35,0.23,4.78,0.0137,96,12,1.6592
DG3911,1044053,PC GRK YOGURT 0% BLACK CHERRY,21518311,0.15,0.35,0.23,4.78,0.0121,96,12,1.464
DG2911,1044054,PC GREEK YOGURT 0% BLUEBERRY,21518310,0.15,0.35,0.23,4.78,0.0121,120,12,1.83
DG3711,1044055,PC GREEK YOGURT 0% HONEY,21518157,0.15,0.35,0.23,4.78,0.0121,96,12,1.464
DG2818,1044056,PC GREEK YOGURT PLAIN 0%LF,21518491,0.17,0.35,0.23,4.78,0.0137,96,12,1.6592
DG3719,1044067,PC GREEK YOGURT 0% PLAIN,21518484,0.15,0.35,0.23,4.78,0.0121,96,12,1.464
DH4111,1029688,DANONE OIKOS 0% LACTOSE FREE,21107644,0.14,0.24,0.34,4.77,0.0114,210,14,2.562
DF4119,1039763,DANONE OIKOS TRIPLE ZERO VAN,21107646,0.15,0.24,0.34,4.77,0.0122,65,13,0.915
DG3515,1037493,DAN OIKOS STRAWBERRY 0%,21348468,0.14,0.36,0.24,4.768,0.0121,156,13,2.0496
DG3014,1022099,SURAJ 2% DAHI YOGURT,20958145,0.13,0.36,0.25,4.76,0.0117,120,12,1.586
DG3018,1022134,SURAJ 3.25% DAHI YOGURT,20959052,0.13,0.36,0.25,4.76,0.0117,120,12,1.586
DE1818,1031557,SIMPLY WATERMELON,21170789,0.19,0.22,0.17,4.734,0.0071,196,28,1.6226
DE2210,1029816,SIMPLY JUICE PEACH,21108439,0.19,0.22,0.17,4.734,0.0071,196,28,1.6226
DC3429,1022249,HIKARI ORG MISO PASTE WHITE,20923961001,0.1,0.46,0.23,4.7,0.0106,190,10,2.318
DH2010,1024761,DANONE OIKOS 2% VANILLA,21006660,0.14,0.34,0.24,4.7,0.0114,156,13,2.0496
DH1719,1024767,DANONE OIKOS 0% PLAIN,21006634,0.14,0.34,0.24,4.7,0.0114,156,13,2.0496
DH2911,1024768,DANONE OIKOS 0% VANILLA,21006667,0.14,0.36,0.24,4.7,0.0121,156,13,2.0496
DH4018,1024782,DANONE OIKOS 2% PLAIN,21006885,0.13,0.35,0.23,4.7,0.0105,169,13,2.0618
DC3426,1037205,SILK YOG RASP,21338515,0.12,0.25,0.38,4.69,0.0114,156,12,1.9032
DC4027,1006676,MINIGO DUO RS/PC-PC/VN-VN/RS,20321615002,0.11,0.31,0.3,4.64,0.0102,156,12,1.7446
DJ3618,1008738,MINIGO STR/BAN/VAN,20275868001,0.11,0.31,0.3,4.64,0.0102,144,12,1.6104
DC4011,1028715,PC COLD BREW BLACK NITRO,21087669,0.12,0.26,0.2,4.635,0.0062,270,18,2.196
DJ1414,1008739,MINIGO IMMUNI STRAW VAN BLU,20275868002,0.11,0.31,0.3,4.63,0.0102,144,12,1.6104
DD3610,1004334,SS SOUR CREAM 14%,20160751,0.15,0.32,0.16,4.62,0.0077,216,24,1.647
DC3814,1001900,DIP A CHIP FRENCH ONION,20307783001,0.15,0.35,0.24,4.6,0.0126,66,11,1.098
DF2741,1043348,ARMS CHEESE W BACON BIT SHRED,21496002,0.2,0.39,0.3,4.6,0.0234,30,10,0.732
DE2719,1008163,PC SHREDS FETA,20711027,0.16,0.46,0.24,4.59,0.0177,60,10,1.1712
DC3219,1034365,PCO CLTRD COC MILK VAN UNSW,21191196,0.15,0.36,0.25,4.58,0.0135,156,13,2.196
DC3210,1034440,PCO CLTRD COC MILK PLN UNSW,21191163,0.15,0.36,0.25,4.58,0.0135,156,13,2.196
DB3818,1013486,NO NAME WHIPPED TOPING AEROSOL,20017493,0.23,0.28,0.21,4.54,0.0135,126,18,1.9642
DB3418,1013123,GAY LEA REAL WHIPED CREAM LGHT,20048223002,0.23,0.28,0.2,4.54,0.0129,126,18,1.9642
DF2040,1006761,PILLSBURY COUNTRY BISCUITS,20317832003,0.18,0.23,0.17,4.51,0.007,100,25,0.8784
DD1410,1002030,NN CRM CHS BRICK,20308105001,0.23,0.23,0.13,4.5,0.0069,180,36,1.403
DF3719,1002032,NN CRM CHS BRICK LIGHT,20308105002,0.22,0.23,0.14,4.5,0.0071,108,36,0.8052
DC3213,1044111,EARO OAT CAFE SALTED CARAMEL,21513684,0.23,0.27,0.14,4.5,0.0087,84,28,0.8418
DG3618,1008465,PC YOGURT 3% PLAIN,20180775002,0.14,0.39,0.25,4.5,0.0137,130,13,1.708
DC3218,1044112,EARO OAT CAFE FRENCH VANILLA,21513660,0.23,0.27,0.14,4.5,0.0087,84,28,0.8418
DC3238,1036208,EARTHS OWN OAT CAFE EDITION,21305808,0.22,0.27,0.14,4.5,0.0083,252,28,2.4156
DF3048,1002975,LACT BUTTER GARLIC STICK,20106744,0.14,0.28,0.14,4.47,0.0055,168,28,1.0248
DG1414,1034542,BD MARBLE SHREDDED,21278845,0.19,0.4,0.23,4.457,0.0175,78,13,1.3908
DF2048,1034544,BD PIZZA MOZZARELLA REG SHRED,21278842,0.2,0.39,0.23,4.457,0.0179,39,13,0.732
DG1410,1034563,BD NACHOS TACOS CHEESE SHRED,21278839,0.22,0.4,0.26,4.457,0.0229,78,13,1.6104
DF1349,1034564,BD PIZZA MOZZA CHDDR SHRED,21278837,0.18,0.39,0.27,4.457,0.019,39,13,0.6588
DF2149,1034566,BD CHEDDAR OLD COLOURED SHRED,21278838,0.18,0.35,0.26,4.457,0.0164,39,13,0.6588
DF2414,1020328,NO NAME PLAIN CREAM CHEESE,20911023,0.16,0.33,0.22,4.444,0.0116,80,16,0.976
DF2719,1043350,PC NACHO BLEND SHRED LF,21475500,0.19,0.39,0.3,4.404,0.0222,48,12,0.9272
DE1915,1034687,ARM SHRED PIZZA MOZZ,21286208,0.19,0.38,0.29,4.4,0.0209,60,10,1.3908
DE1911,1034688,ARM SHRED TEX MEX,21286240,0.19,0.38,0.29,4.4,0.0209,60,10,1.3908
DE1810,1034989,ARM SHRED OLD CHEDDAR,21286212,0.19,0.38,0.29,4.4,0.0209,60,10,1.3908
DE1919,1034815,ARM SHRED TRIPLE CHEDDAR,21286215,0.19,0.36,0.29,4.4,0.0198,60,10,1.3908
DC3034,1030059,KEVITA DRINK LEMON CAYENNE,21116143,0.29,0.21,0.14,4.38,0.0085,78,39,0.7076
DJ1511,1014160,IOGO NANO TUBES STRW PEACH,20608449001,0.1,0.24,0.44,4.33,0.0106,120,10,1.464
DJ3511,1014162,IOGO NANO TUBES STRW-MEL/RASP,20608449002,0.12,0.44,0.24,4.33,0.0127,120,10,1.7568
DF2410,1009822,ORG MEDW CREAM 10%,20809435,0.16,0.31,0.16,4.32,0.0079,105,21,0.976
DC3623,1009824,OM 35% M.F. WHIPPING CREAM,20809439,0.15,0.3,0.15,4.32,0.0068,252,21,2.196
DE2519,1027419,NN SHREDS LIGHT DOUBLE CHED,21060178,0.17,0.47,0.25,4.317,0.02,60,10,1.2444
DE2515,1027416,PC SHREDS PIZZA SHOP MOZZ,21060201,0.17,0.47,0.25,4.317,0.02,60,10,1.2444
DE2715,1027420,PC SHREDS TRE FORMAGGI,21060211,0.17,0.47,0.25,4.317,0.02,60,10,1.2444
DE2111,1027421,NN SHREDS LIGHT NACHO,21060189,0.17,0.47,0.25,4.317,0.02,60,10,1.2444
DE2610,1027422,PC SHREDS MAC N CHEESE,21060199,0.17,0.47,0.25,4.317,0.02,60,10,1.2444
DE2711,1027424,PC SHREDS TEX MEX,21060207,0.17,0.47,0.25,4.317,0.02,60,10,1.2444
DE2618,1027412,PC SHREDS TRIPLE CHED,21060183,0.17,0.47,0.25,4.317,0.02,60,10,1.2444
DE2511,1027433,NN SHREDS SKIM MOZZ,21060319,0.17,0.47,0.25,4.317,0.02,60,10,1.2444
DE2814,1038203,NN SHREDS OLD WHITE CHED,21060228,0.17,0.47,0.25,4.317,0.02,60,10,1.2444
DC3033,1041881,NN SHREDS MILD WHITE CHED,21060231,0.16,0.47,0.25,4.317,0.0188,60,10,1.1712
DC3618,1038312,SILK OAT YOG PL,21365840,0.12,0.38,0.25,4.315,0.0114,180,12,2.196
DC3828,1038313,SILK OAT YOG VA,21365868,0.12,0.38,0.25,4.315,0.0114,180,12,2.196
DF4115,1024262,SILK YOG UNSWT COCONUT VAN,20996281,0.12,0.34,0.25,4.309,0.0102,84,12,1.0248
DH2711,1024263,SILK YOG UNSWT COCONUT PLAIN,20996495,0.12,0.34,0.25,4.309,0.0102,120,12,1.464
DG3614,1001390,HELUVA GOOD FRENCH ONION DIP,20312788001,0.11,0.34,0.23,4.3,0.0086,130,13,1.342
DE1315,1028035,NN SHREDS MED CHED,21082799,0.2,0.39,0.29,4.3,0.0226,60,10,1.464
DE1418,1028034,PC SHREDS LF PIZZA MOZZ,21082488,0.26,0.53,0.2,4.3,0.0276,60,12,1.586
DE1515,1028036,NN SHREDS MOZZ,21082491,0.2,0.39,0.29,4.3,0.0226,60,10,1.464
DE1319,1028037,NN SHREDS NACHO,21082795,0.2,0.4,0.3,4.3,0.024,60,10,1.464
DE1511,1028208,PC SHREDS LF TRIPLE CHED,21083518,0.24,0.53,0.2,4.3,0.0254,60,12,1.464
DE1519,1033698,NO NAME FARMER'S MARBLE SHRED,21200684,0.23,0.52,0.2,4.3,0.0239,60,12,1.403
DJ1410,1006675,MINIGO DUO BL/ST-ST/BAN-BAN/BL,20321615001,0.11,0.31,0.32,4.3,0.0109,144,12,1.6104
DF2644,1043351,PC MOZZA CHEDDAR SHRED BLEND,21475493,0.19,0.39,0.3,4.28,0.0222,48,12,0.9272
DH3311,1010152,DANONE ACTIVIA STIRRED VANILLA,20325132003,0.14,0.36,0.25,4.26,0.0126,156,13,2.0496
DH1111,1010081,DANONE ACTIVIA YOG STR/RASP,20324741002,0.13,0.36,0.26,4.26,0.0122,156,12,2.0618
DH2519,1021484,ASTRO ORIG YOG CHRY 6% GF PF,20944286,0.16,0.36,0.24,4.257,0.0138,130,13,1.952
DH2915,1021451,ASTRO ORIG YOG BANCRM 6% GF PF,20943890,0.16,0.36,0.24,4.257,0.0138,130,13,1.952
DC4012,1027917,ASTRO STRAWBERRY SHORTCAKE,20706077,0.13,0.35,0.23,4.257,0.0105,130,13,1.586
DF3715,1041073,SIGGI'S SKYR STRAWBERRY 2%,21433695,0.13,0.35,0.23,4.257,0.0105,65,13,0.793
DC4034,1041080,SIGGI'S SKYR CHERRY 2%,21433669,0.13,0.35,0.23,4.257,0.0105,65,13,0.793
DH3519,1019873,DANONE ACTIVIA PEAR,20903022,0.14,0.36,0.25,4.236,0.0126,156,13,2.0496
DG1119,1035131,CB SHREDS MOZZA CHED CC,21290620,0.2,0.38,0.23,4.232,0.0175,65,13,1.22
DG1210,1035146,CB SHREDS LIGHT DOUBLE CHEDCC,21290448,0.26,0.39,0.23,4.232,0.0233,65,13,1.586
DG1014,1035149,CB SHREDS LIGHT TEX MEX CC,21290444,0.26,0.39,0.23,4.232,0.0233,65,13,1.586
DG1115,1035169,CB SHREDS 3 CHEESE MEXICANACC,21290439,0.2,0.39,0.23,4.232,0.0179,65,13,1.22
DG1311,1035187,CB SHREDS DOUBLE CHED CC,21290613,0.2,0.39,0.23,4.232,0.0179,65,13,1.22
DG1315,1035188,CB SHREDS PS PMOZZ CC,21290463,0.26,0.39,0.23,4.232,0.0233,65,13,1.586
DG1214,1035189,CB SHREDS 3 CHEESE PIZZA CC,21290460,0.26,0.39,0.23,4.232,0.0233,65,13,1.586
DG1018,1035190,CB SHREDS OLD CHEDDAR CC,21290619,0.26,0.39,0.23,4.232,0.0233,65,13,1.586
DG1010,1035196,CB SHREDS TEX MEX CC,21290616,0.2,0.39,0.23,4.232,0.0179,65,13,1.22
DG1218,1035197,CB SHREDS PMOZZARELLA CC,21290618,0.26,0.39,0.23,4.232,0.0233,65,13,1.586
DG1511,1035198,CB SHREDS ITALIANO CC,21290593,0.21,0.39,0.23,4.232,0.0188,65,13,1.281
DF3640,1035164,CB SHREDS HABANERO CC,21290504,0.2,0.39,0.23,4.232,0.0179,52,13,0.976
DC3430,1043560,OPIC ORG GREEK VANIL,21363576,0.14,0.37,0.26,4.23,0.0135,65,13,0.854
DC3433,1043564,OLY ORG GREEK FR PLAIN,21363729,0.14,0.37,0.26,4.23,0.0135,65,13,0.854
DH1814,1008023,IOGO 1.5% VANILLA TUB,20705470001,0.15,0.31,0.24,4.21,0.0112,135,15,1.647
DC3822,1008024,IOGO 1.5% STRAWBERRY TUB,20705470002,0.15,0.31,0.24,4.21,0.0112,180,15,2.196
DH2515,1026699,IOGO 1.5% LF VANILLA TUB,21043175002,0.16,0.31,0.24,4.205,0.0119,135,15,1.7568
DC3030,1026701,IOGO 1.5% LF STRAW TUB,21043175003,0.14,0.31,0.24,4.205,0.0104,180,15,2.0496
DC3225,1037496,IOGO CH CAN PEACH,21349729,0.14,0.31,0.24,4.205,0.0104,180,15,2.0496
DF1214,1039974,AMOOZA WM NAT MOZZ CHD CHSE,21403514,0.3,0.26,0.22,4.204,0.0172,72,18,1.464
DH3014,1034477,SILK YOG CULT ALM UNSW PL,21245214,0.13,0.38,0.24,4.202,0.0119,120,12,1.586
DG3119,1032848,SILK YOG CULT VANILLA,21196118,0.12,0.25,0.38,4.202,0.0114,156,12,1.9032
DH2618,1021609,DANONE ACTIVIA YOG VAN LF GFPF,20946086,0.13,0.37,0.26,4.2,0.0125,169,13,2.0618
DH2410,1026684,DANONE ACTIVIA PURE PLAIN,21043151001,0.14,0.36,0.24,4.2,0.0121,156,13,2.0496
DC3838,1028236,SS PCP SWISS RIBBON SLICE,21084834,0.09,0.33,0.2,4.2,0.0059,400,20,2.196
DC3615,1028237,SS PCP YELLOW PULLMANN,21084825,0.09,0.33,0.2,4.2,0.0059,360,18,2.196
DC3431,1028238,SS PCP SUB RIBBON,21084840,0.1,0.3,0.2,4.2,0.006,360,20,2.196
DC3035,1028239,SS PCP YELLOW RIBBON,21084833,0.1,0.29,0.2,4.2,0.0058,360,20,2.196
DC3622,1028240,SS PCP RIBBON MOZZ,21084830,0.09,0.33,0.2,4.2,0.0059,400,20,2.196
DH3919,1010157,DANONE ACTIVIA COCONUT,20325132007,0.13,0.36,0.24,4.2,0.0112,156,13,1.9032
DH1810,1033941,DANONE OIKOS EX PRO RED BER,21216464,0.15,0.24,0.34,4.194,0.0122,143,13,2.013
DH1919,1033942,DANONE OIKOS EX PRO LEM LIME,21216463,0.15,0.24,0.34,4.194,0.0122,143,13,2.013
DD1418,1032628,NN YOG PLN,21192091,0.18,0.32,0.16,4.191,0.0092,120,24,1.098
DG3915,1041093,DANONE ACTIVIA MANGO,21429094,0.14,0.24,0.36,4.176,0.0121,156,13,2.0496
DH1711,1041067,DANONE ACTIVIA FIELDBERRY,21430507,0.15,0.24,0.37,4.176,0.0133,156,13,2.196
DH2214,1029687,DANONE ACTIVIA PEACH,21107643,0.14,0.37,0.28,4.175,0.0145,156,13,2.0496
DD1711,1027418,PC SHREDS TRIPLE CHED,21060177,0.21,0.31,0.29,4.17,0.0189,84,12,1.7934
DC3825,1027417,PC SHREDS TRE FORMAGGI,21060176,0.14,0.4,0.3,4.17,0.0168,48,12,0.6832
DD1614,1027423,PC SHREDS PIZZA SHOP MOZZ,21060181,0.21,0.31,0.29,4.17,0.0189,84,12,1.7934
DD1618,1027473,PC SHREDS TEX MEX,21060759,0.16,0.35,0.25,4.17,0.014,84,12,1.3664
DH3711,1036055,OIKOS 9% EX CRM BLUE,21305953,0.15,0.36,0.23,4.163,0.0124,52,13,0.732
DH2319,1036063,OIKOS 9% EX CRM VA-AP,21305958,0.15,0.24,0.34,4.163,0.0122,78,13,1.098
DG4010,1036064,OIKOS 0% EX PRO PLAIN,21305945,0.15,0.24,0.34,4.163,0.0122,130,13,1.83
DH1818,1036062,OIKOS 0% EX PRO VAN,21305946,0.15,0.24,0.34,4.163,0.0122,130,13,1.83
DG2614,1044068,PC GREEK YOGURT 5% PLAIN,21518093,0.11,0.35,0.23,4.15,0.0089,96,12,1.0736
DG2814,1044069,PC GREEK YOGURT 5% VANILLA,21518036,0.11,0.35,0.23,4.15,0.0089,84,12,0.9394
DH2614,1004554,NN YOGURT STRAWBERRY,20685773002,0.14,0.34,0.25,4.14,0.0119,130,13,1.708
DH3810,1004555,NN YOGURT VANILLA,20685773003,0.17,0.34,0.25,4.14,0.0145,130,13,2.074
DF4044,1041060,SIGGI'S SKYR VAN-CIN 3.25%,21433733,0.14,0.33,0.21,4.14,0.0097,65,13,0.854
DC3837,1041063,SIGGI'S SKYR COFFEE 3.25%,21433958,0.14,0.33,0.21,4.14,0.0097,65,13,0.854
DC3835,1041081,SIGGI'S SKYR LEMON 3.25%,21433845,0.14,0.33,0.21,4.14,0.0097,65,13,0.854
DH3618,1039750,YOPLAIT SOURCE RASPBERRY 0%,21391318005,0.15,0.3,0.24,4.137,0.0108,150,15,1.83
DH3018,1039752,YOPLAIT SOURCE PEACH 0%,21391318004,0.15,0.3,0.24,4.137,0.0108,150,15,1.83
DH4119,1039753,YOPLAIT SOURCE CHERRY 0%,21391318002,0.14,0.3,0.24,4.137,0.0101,135,15,1.5372
DH2414,1039768,YOPLAIT SOURCE STRAWBERRY 0%,21391318006,0.15,0.3,0.24,4.137,0.0108,150,15,1.83
DH3010,1039772,YOPLAIT SOURCE VANILLA 0%,21391318001,0.15,0.3,0.24,4.137,0.0108,150,15,1.83
DH2610,1039773,YOPLAIT SOURCE FIELDBERRY 0%,21391318003,0.15,0.3,0.24,4.137,0.0108,150,15,1.83
DH4010,1044051,DANO OIKOS 9% EXCR KEY LIME,21520304,0.15,0.34,0.25,4.106,0.0128,182,13,2.562
DH4115,1044106,DANO OIKOS GRK YGRT 9% EXCR VA,21520299,0.13,0.36,0.24,4.106,0.0112,156,13,1.9032
DE1719,1033693,PC SMOKED CHED CHEESE SHRED,21200685,0.2,0.53,0.2,4.1,0.0212,60,12,1.22
DE1414,1033695,PC HABANERO CHED SHRED,21200688,0.26,0.53,0.2,4.1,0.0276,60,12,1.586
DE1610,1035200,PC PARMESAN CHEESE SHRED,21203933,0.24,0.53,0.2,4.1,0.0254,60,12,1.464
DC3029,1033939,IOGO HC CAN PLAIN,21219038,0.16,0.32,0.25,4.098,0.0128,180,15,2.3424
DH3814,1033959,IOGO HC CAN BLUEBERRIES,21219016,0.16,0.31,0.25,4.098,0.0124,150,15,1.952
DC3224,1033967,IOGO HC CAN CHERRIES,21219011,0.14,0.32,0.25,4.098,0.0112,180,15,2.0496
DH2210,1033968,IOGO HC CAN MAPLE,21219044,0.16,0.31,0.25,4.098,0.0124,180,15,2.3424
DJ1519,1041059,YOPL TUBES YOGURT SPCL EDTN,21431312,0.11,0.44,0.24,4.093,0.0116,130,10,1.7446
DH2115,1039747,YOPLAIT TUBES MIXED BERRY,21389662,0.11,0.44,0.24,4.093,0.0116,120,10,1.6104
DJ3418,1039758,YOPLAIT TUBES PEACH/BLE BRY,21390884005,0.11,0.44,0.24,4.093,0.0116,130,10,1.7446
DJ3610,1039759,YOPLAIT TUBES RASPBERRY,21390884006,0.11,0.44,0.24,4.093,0.0116,130,10,1.7446
DJ1418,1039761,YOPLAIT TUBES STR-BAN/FP,21390884003,0.11,0.44,0.24,4.093,0.0116,130,10,1.7446
DJ1711,1039769,YOPLAIT TUBES STRAWBERRY,21390884004,0.11,0.44,0.24,4.093,0.0116,130,10,1.7446
DJ1618,1039770,YOPLAIT TUBES VANILLA,21390884001,0.11,0.44,0.24,4.093,0.0116,130,10,1.7446
DF4111,1039771,YOPLAIT TUBES LTD EDITION,21390884002,0.11,0.44,0.24,4.093,0.0116,80,10,1.0736
DC3415,1009555,CHOCOLATE WHITE CURLS,20733629,0.17,0.38,0.27,4.09,0.0174,110,10,2.2814
DG2511,1010619,KOZY SHACK RICE PUDDING,20323829001,0.1,0.31,0.21,4.0597,0.0065,210,15,1.708
DH1511,1012225,AST ORIG YOG CAPP 6%,20431607002,0.13,0.33,0.21,4.05,0.009,130,13,1.586
DC3823,1009552,DARK CHOCOLATE CURLS,20733627,0.17,0.38,0.27,4.04,0.0174,110,10,2.2814
DE2414,1043735,PBRY COOKIE SUMMER SUGAR,21306855,0.14,0.34,0.22,4.032,0.0105,160,16,1.708
DF2115,1026994,"PCBM FR OM3 HB EGGS 3X2PK, C12",21048196002,0.17,0.37,0.22,4.03,0.0138,65,13,1.037
DH2418,1044073,ASTRO YOG PEACH COBBLER,21520558,0.13,0.35,0.23,4.01,0.0105,130,13,1.586
DH2018,1044074,ASTRO YOG MANGO VANILLA,21520655,0.13,0.35,0.23,4.01,0.0105,130,13,1.586
DH2315,1044082,ASTRO YOG RASP WHITE CHOC,21520611,0.13,0.35,0.23,4.01,0.0105,130,13,1.586
DH3115,1005886,ASTRO SMOOTH/FRTY STRWBRY,20323239003,0.14,0.36,0.25,4,0.0126,156,13,2.0496
DH3610,1000752,DANONE ACTIVIA BLUEBERRY,20302315001,0.14,0.35,0.22,3.9916,0.0108,156,13,2.0496
DJ2618,1033969,IOGO NANO DRINK STRAW/BAN LF,21219007,0.13,0.28,0.18,3.948,0.0066,325,25,2.0618
DH3915,1041062,IOGO CH CHRY-RASPBERRY 3.25%,21433614,0.12,0.36,0.23,3.938,0.0099,169,13,1.9032
DJ1614,1041082,IOGO CH PEACH-BLUEBERRY 3.25%,21433605,0.12,0.36,0.23,3.938,0.0099,169,13,1.9032
DH2810,1004357,ASTRO BALKAN VANILLA,20165226002,0.14,0.36,0.25,3.9236,0.0126,195,13,2.562
DH3515,1005883,AST S&F STIR VANILLA,20323239001,0.14,0.36,0.25,3.9236,0.0126,156,13,2.0496
DH3614,1010154,DANONE ACTIVIA YOG RASPBERRY,20325132005,0.14,0.36,0.25,3.9236,0.0126,156,13,2.0496
DH3210,1010156,DANONE ACTIVIA FF VANILLA,20325132006,0.14,0.37,0.24,3.9236,0.0124,156,13,2.0496
DC4021,1041889,BLKD LCTF CHEESE MRB SHRD,21448189,0.19,0.39,0.23,3.92,0.017,39,13,0.6954
DC3412,1041893,BLKD LCTF CHEESE PMOZZ SHRD,21448210,0.19,0.39,0.23,3.92,0.017,39,13,0.6954
DH3315,1010150,DANONE ACTIVIA STIRRED STRAWBE,20325132001,0.14,0.41,0.25,3.9009,0.0144,156,13,2.0496
DH3414,1010151,DANONE ACTIVIA STIRRED PRUNE,20325132002,0.14,0.36,0.25,3.9009,0.0126,156,13,2.0496
DF4018,1010621,KOZY SHACK TAPIOCA PUDDING,20323829002,0.1,0.34,0.22,3.9009,0.0075,120,15,0.976
DH4014,1014199,DANONE ACTIVIA LEMON,20608416001,0.13,0.24,0.37,3.9,0.0115,156,13,1.9032
DH2919,1014200,DANONE ACTIVIA CHERRY,20608416002,0.14,0.24,0.37,3.9,0.0124,156,13,2.0496
DH3818,1014201,DANONE ACTIVIA STRWBRY RHUBARB,20608416003,0.13,0.24,0.37,3.9,0.0115,156,13,1.9032
DF3844,1010622,KOZY SHACK PUDDNG RICE CINN/RS,20323829003,0.11,0.34,0.22,3.86,0.0082,120,15,1.0736
DF3840,1031317,KOZY SHACK PUDDING LF CHOC,21163091,0.11,0.36,0.23,3.856,0.0091,120,15,1.0736
DF1949,1020601,PC BAR SWISS LF,20922823,0.19,0.21,0.17,3.729,0.0068,124,31,0.9272
DC3232,1001349,NN STRING MOZZ,20765347,0.19,0.28,0.17,3.7,0.009,250,25,2.318
DF1745,1001402,NN STRING MARBLE,20765349,0.2,0.28,0.17,3.7,0.0095,100,25,0.976
DF1945,1001411,BD CHEESTRING CHED,20763298,0.2,0.29,0.17,3.7,0.0099,100,25,0.976
DF1311,1001678,BD CHEESTRING MARBLE,20763661,0.2,0.29,0.17,3.7,0.0099,100,25,0.976
DF1749,1001680,BD CHEESTRING MOZZ,20763300,0.2,0.29,0.17,3.7,0.0099,100,25,0.976
DF2844,1004018,DERLEA SPREAD GARLIC TUB,20167731,0.14,0.36,0.25,3.54,0.0126,72,12,1.0248
DC3816,1034817,BRAR'S DAIRY MAKHANI,21029114,0.15,0.39,0.26,3.5,0.0152,80,10,1.464
DG2610,1013369,BEATRICE SOUR CREAM 14%,20040338001,0.11,0.33,0.22,3.5,0.008,208,13,2.1472
DC3611,1013371,BEATRICE SOUR CREAM FAT FREE,20040338003,0.09,0.35,0.24,3.5,0.0076,260,13,2.196
DC3215,1002909,LACTANTIA BUTTERCUPS,20118993,0.2,0.32,0.25,3.45,0.016,112,14,1.952
DD2119,1036115,ONEW SHREDDED TEX MEX CHEESE,21235454,0.2,0.55,0.17,3.4,0.0187,24,12,0.488
DC3422,1036116,ONEW SHREDDED MOZZ CHEESE,21235471,0.2,0.36,0.3,3.4,0.0216,120,12,2.44
DC3237,1021376,PC SKYR POWER FRUIT TUB,20941019,0.1,0.35,0.24,3.4,0.0084,216,12,2.196
DG2311,1021377,PC SKYR VANILLA TUB,20941009,0.1,0.35,0.24,3.4,0.0084,84,12,0.854
DG2315,1021379,PC SKYR PLAIN TUB,20941014,0.1,0.35,0.24,3.4,0.0084,192,12,1.952
DC3612,1026228,PC GRK YOG DIP JALAPENO,21032266,0.11,0.37,0.24,3.4,0.0098,187,11,2.2814
DC4032,1026230,PC GRK YOG DIP FRENCH ONION,21032307,0.11,0.37,0.24,3.4,0.0098,187,11,2.2814
DC4037,1026232,PC GREEK YOGURT DIP TZATZIKI,21032263,0.13,0.37,0.24,3.4,0.0115,154,11,2.2204
DC3220,1026254,PC SKYR 4% VANILLA TUB,21032812,0.12,0.36,0.24,3.4,0.0104,192,12,2.3424
DG2915,1026255,PC SKYR 4% PLAIN TUB,21032618,0.12,0.36,0.24,3.4,0.0104,144,12,1.7568
DG1319,1035133,CB SHREDS PARMESAN CC,21290623,0.2,0.38,0.23,3.392,0.0175,65,13,1.22
DG2715,1002968,GAY LEA SOUR CRM,20111087001,0.1,0.34,0.24,3.39,0.0082,182,13,1.708
DG2418,1006325,NN DIP SOUR CREAM FRENCH ONION,20801166,0.1,0.35,0.24,3.39,0.0084,182,13,1.708
DC3636,1010094,NN COTTAGE CHEESE LITE 1%,20323653001,0.1,0.34,0.24,3.39,0.0082,234,13,2.196
DG4018,1036417,GAY LEA SOUR CREAM LIGHT,21315484,0.17,0.34,0.24,3.39,0.0139,130,13,2.074
DC3632,1042155,NO NAME DIP EVERYTHING BAGEL,21455993,0.1,0.35,0.24,3.39,0.0084,208,13,1.952
DC4026,1042153,NO NAME DIP DILL,21456014,0.1,0.34,0.24,3.39,0.0082,208,13,1.952
DJ4018,1042157,NO NAME DIP HERB & SPICE,21455936,0.1,0.47,0.31,3.39,0.0146,182,13,1.708
DC3945,1043566,HLVA SOUR CRM DIP NACHO QUESO,21505153,0.1,0.35,0.25,3.375,0.0088,117,13,1.098
DF1741,1001877,BD CHEESTRING MARBLE,20765883,0.2,0.27,0.17,3.36,0.0092,100,25,0.976
DG2719,1002019,NN SOUR CRM LITE,20304664,0.1,0.38,0.26,3.33,0.0099,182,13,1.708
DF1610,1010354,PHIL CRM CHS LIGHT BRIC,20324286002,0.09,0.41,0.13,3.33,0.0048,280,20,1.5372
DC3222,1042151,HELUVA GOOD JALEPENO CHED,20305052001,0.09,0.37,0.24,3.31,0.008,130,13,1.098
DG2810,1029575,PC SKYR 4% BLACK CHERRY TUB,21087479,0.12,0.35,0.24,3.3,0.0101,144,12,1.7568
DC3018,1029579,PC SKYR 4% RASPBERRY TUB,21087483,0.1,0.35,0.24,3.3,0.0084,228,12,2.318
DF2941,1006715,PC ORGANIC BUTTER SALTED,20319885002,0.14,0.25,0.13,3.29,0.0046,216,36,1.0248
DF3410,1026574,NN CREAM CHEESE SPRD LIGHT,21035629,0.12,0.34,0.22,3.253,0.009,112,16,1.0248
DF3618,1026575,NN CREAM CHEESE SPRD HERB&GAR,21035622,0.12,0.34,0.23,3.253,0.0094,112,16,1.0248
DF3414,1026415,NN CREAM CHEESE SPRD ORIGINAL,21036106,0.12,0.34,0.22,3.253,0.009,112,16,1.0248
DF2240,1026959,NN CRM CHSE SPRD JAL,21047867,0.16,0.33,0.22,3.253,0.0116,80,16,0.976
DF3448,1026958,NN CRM CHSE SPRD STR,21047871,0.12,0.34,0.22,3.253,0.009,112,16,1.0248
DF3545,1034819,NN EVRYTB CRM CHSE SPRD,21216994,0.12,0.34,0.22,3.253,0.009,112,16,1.0248
DE2410,1001556,PB CRESCENTS REDUCED FAT 8CT,20305424001,0.19,0.19,0.14,3.22,0.0051,280,40,1.6226
DJ2010,1019965,DANONE OIKOS 2% YOGURT PLAIN,20903842003,0.11,0.17,0.48,3.21,0.009,210,14,2.013
DJ2115,1011754,DANONE OIKOS BLU,20419715003,0.11,0.49,0.17,3.21,0.0092,210,14,2.013
DJ2414,1011756,Danone Oikos 2% - Key Lime,20419715004,0.12,0.49,0.17,3.21,0.01,210,14,2.196
DJ1919,1011757,Danone Oikos 2% - Rasp/Pom,20419715005,0.11,0.49,0.17,3.21,0.0092,210,14,2.013
DJ2519,1011758,Danone Oikos 0% - Peach Mango,20419715006,0.12,0.32,0.24,3.21,0.0092,210,14,2.196
DJ2515,1011759,Danone Oikos 0% - Cherry,20419715007,0.12,0.32,0.24,3.21,0.0092,210,14,2.196
DJ2210,1011751,DANONE OIKOS STRAW,20419715001,0.11,0.32,0.24,3.21,0.0084,210,14,2.013
DF1844,1001140,NN STRING MARBLE,20764568,0.19,0.28,0.17,3.2,0.009,100,25,0.9272
DC3236,1031785,PCO SKYR YOGURT MF PLAIN,21170510,0.09,0.36,0.26,3.2,0.0084,264,12,2.4156
DC3435,1042022,PCO BALKAN YOGURT 11%,21399662,0.09,0.35,0.26,3.2,0.0082,120,12,1.098
DC4022,1042021,PCO BALKAN YOGURT 6%,21399676,0.13,0.36,0.25,3.2,0.0117,144,12,1.9032
DJ3214,1018297,HELUVA GOOD! DIP CARAMELIZED ONION,20872654,0.1,0.23,0.36,3.2,0.0083,234,13,2.196
DC3437,1042027,PCO STIRRED YOGURT 10%,21399682,0.13,0.35,0.26,3.2,0.0118,156,12,2.0618
DG2115,1025378,PCO SOUR CREAM,21021374,0.09,0.36,0.26,3.2,0.0084,180,12,1.647
DG3218,1044716,HELUVA GOOD DIP HERB AND SPICE,21096678,0.09,0.37,0.24,3.2,0.008,130,13,1.098
DC4033,1039779,PC OAT YOGURT YUZU CITRUS,21400240,0.09,0.35,0.26,3.2,0.0082,72,12,0.6588
DG2111,1029576,PC COCONUT MILK YOGURT PLAIN,21085135,0.09,0.38,0.24,3.2,0.0082,192,12,1.7568
DC3214,1029577,PC COCONUT MILK YOGURT BBERRY,21085136,0.09,0.38,0.24,3.2,0.0082,264,12,2.4156
DC3039,1029578,PC COCONUT MILK YOGURT VANILLA,21085141,0.09,0.38,0.24,3.2,0.0082,192,12,1.7568
DF2818,1006714,PC ORGANIC BUTTER UNSALTED,20319885001,0.14,0.25,0.13,3.2,0.0046,216,36,1.0248
DC3019,1007380,SS WHIPPED BUTTER CUPS SALTED,20651621,0.15,0.33,0.25,3.2,0.0124,168,14,2.196
DG2515,1011100,NN SOUR CRM REG,20000476001,0.1,0.38,0.26,3.2,0.0099,182,13,1.708
DC3829,1039745,PC OAT YOGURT STAW/VAN,21400245,0.09,0.35,0.26,3.2,0.0082,120,12,1.098
DF3341,1038179,BD NAT SLICE MED CHED,21369874,0.27,0.24,0.14,3.188,0.0091,34,17,0.6588
DF3248,1038184,BD NAT SLICE MARBLE CHED,21371880,0.12,0.24,0.14,3.188,0.004,119,17,1.0248
DF3145,1035159,CB NAT SLICE MARBLE CHED CC,21290705,0.14,0.27,0.24,3.188,0.0091,102,17,1.0248
DF3014,1035172,CB NAT SLICE MOZZ CC,21290682,0.14,0.28,0.24,3.188,0.0094,102,17,1.0248
DF3040,1035180,CB NAT SLICE MED CHED CC,21290684,0.14,0.27,0.24,3.188,0.0091,102,17,1.0248
DF2715,1035194,CB NAT SLICE MED CHED LIGHT CC,21290691,0.15,0.28,0.24,3.188,0.0101,85,17,0.915
DC4014,1031901,PC ORGANIC GINGER KOMBUCHA,21180527,0.2,0.14,0.2,3.17,0.0056,102,34,0.732
DC2115,1031902,PC ORGANICS HIBISCUS KOMBUC RB,21182850,0.21,0.14,0.2,3.17,0.0059,102,34,0.7686
DF3549,1006103,NORDICA 1% COTTAGE CHEESE,20317107002,0.12,0.32,0.23,3.17,0.0088,90,15,0.8784
DC3621,1039904,PCO KOMBCHA PINEAPPLE SPIRULIN,21391481,0.22,0.14,0.2,3.17,0.0062,102,34,0.8052
DC3818,1039905,PCO KOMBUCHA MANGO TURMERIC,21391274,0.22,0.14,0.2,3.17,0.0062,102,34,0.8052
DC3634,1039906,PCO KOMBUCHA BLUEBERRY MATCHA,21391269,0.22,0.14,0.2,3.17,0.0062,102,34,0.8052
DF2210,1017968,PHILA WHIPPED CHIVE,20866816001,0.16,0.33,0.23,3.165,0.0121,75,15,0.976
DE3818,1017970,PHILA WHIPPED PLAIN,20866816002,0.16,0.33,0.23,3.165,0.0121,150,15,1.952
DF1345,1042156,PHILA WHIPPED BOLD JALPNO CHED,21023126,0.16,0.33,0.22,3.157,0.0116,75,15,0.976
DF1341,1042158,PHILA WHIPPED MIX BERRY,20866971,0.16,0.33,0.22,3.157,0.0116,75,15,0.976
DF2840,1034816,PC VEGAN CREAM CHEESE,21203935,0.14,0.36,0.28,3.14,0.0141,72,12,1.0248
DG2214,1005149,PCO PLAIN ORGANIC GREEK YOGURT,20774037001,0.1,0.36,0.26,3.13,0.0094,180,12,1.83
DF1210,1000733,KRAFT PHIL DIP DILL,20299760003,0.11,0.33,0.23,3.12,0.0083,150,15,1.342
DC3021,1000787,KRAFT PHIL DIP HERB & GARLIC,20299760006,0.11,0.33,0.23,3.12,0.0083,270,15,2.4156
DE1218,1000729,KRAFT PHIL DIP ONION CHP,20299760001,0.11,0.33,0.23,3.11,0.0083,150,15,1.342
DF3848,1005258,MACLARENS IMPERIAL,20769381,0.11,0.34,0.23,3.11,0.0086,120,15,1.0736
DC3613,1000786,KRAFT PHIL DIP HERB SPICE,20299760004,0.11,0.33,0.23,3.1,0.0083,255,15,2.2814
DC3834,1035917,PO ORGANIC MOZZARELLA,21295367,0.12,0.22,0.21,3.1,0.0055,375,25,2.196
DC3423,1010096,NN COTTAGE CHEESE 2%,20323653002,0.1,0.34,0.24,3.0844,0.0082,234,13,2.196
DE2418,1043824,PBRY CRESCENTS ORIGINAL 8CT,21505340,0.18,0.2,0.15,3.084,0.0054,280,40,1.5372
DE1214,1042154,KRAFT PHIL SOFT STRAWBERRY,20867073004,0.11,0.34,0.23,3.076,0.0086,150,15,1.342
DF1414,1017948,PHILA SOFT SMOKED SALMON,20866924001,0.11,0.34,0.23,3.062,0.0086,225,15,2.013
DF1618,1017955,PHILA SOFT LIGHT PLAIN,20866924005,0.11,0.34,0.23,3.062,0.0086,150,15,1.342
DF1018,1017957,PHILA SOFT LIGHT HERB & GARLIC,20866924006,0.11,0.34,0.23,3.062,0.0086,150,15,1.342
DF1410,1017960,PHILA SOFT HERB & GARLIC,20866924007,0.11,0.34,0.23,3.062,0.0086,150,15,1.342
DE1115,1017967,PHILA SOFT PLAIN,20866924010,0.11,0.34,0.23,3.062,0.0086,150,15,1.342
DC3022,1008865,PHILADELPHIA FRENCH ONION DIP,20745040,0.11,0.33,0.23,3.06,0.0083,150,15,1.342
DC3819,1010692,PC ORGANIC CHEESE CHEDDAR OLD,20324449,0.12,0.21,0.22,3.06,0.0055,450,30,2.196
DC3610,1013979,PC ORGANIC CHEESE CHEDDAR MED,20039037,0.12,0.21,0.21,3.06,0.0053,450,30,2.196
DG2210,1023703,PC COTTAGE CHEESE LACTOSE FREE,20984624,0.1,0.34,0.24,3.05,0.0082,208,13,1.952
DG2018,1023846,PC SOUR CREAM LACTOSE FREE,20987150,0.09,0.35,0.24,3.05,0.0076,208,13,1.7568
DC3419,1038001,PHILA CREAM CHS LACT FREE JAR,21314933,0.1,0.3,0.22,3.045,0.0066,288,16,2.196
DF4040,1025261,JELLO PUDDING OREO,21019804,0.11,0.3,0.22,3.027,0.0073,119,17,0.9394
DG2119,1013370,BEATRICE SOUR CREAM 5%,20040338002,0.09,0.35,0.24,3,0.0076,208,13,1.7568
DC2941,1013125,GAY LEA REAL COCNUT WHIP CREAM,20048223003,0.23,0.28,0.2,3,0.0129,54,18,0.8418
DF1418,1017974,KRAFT PHILLY CRM CHSE SOFT PLAIN,20866923001,0.11,0.34,0.23,2.993,0.0086,150,15,1.342
DE1210,1038132,KRAFT PHILLY CC SOFT LIGHT PLAIN,20866923002,0.11,0.34,0.23,2.993,0.0086,150,15,1.342
DC3414,1006508,PC ORGANIC MILD MARBLE CHEDDAR,20320775001,0.12,0.21,0.22,2.97,0.0055,450,30,2.196
DH1911,1008132,HELUVA GOOD DIP DILL PICKLE,20179979001,0.1,0.23,0.36,2.95,0.0083,130,13,1.22
DG3319,1008133,HELUVA GOOD DIP FRENCH ONION,20179979002,0.11,0.36,0.23,2.95,0.0091,130,13,1.342
DJ3111,1039748,DAN OIKOS STRAW/VAN 2%,21396307,0.12,0.49,0.17,2.949,0.01,210,14,2.196
DJ1010,1039755,DAN OIKOS RSP/LIM/VAN/S-B 2%,21396062,0.12,0.49,0.17,2.949,0.01,210,14,2.196
DC3439,1041723,BLKD LCTF CHEESE SLICES MOZZ,21448223,0.14,0.26,0.27,2.948,0.0098,51,17,0.5124
DF3949,1041724,BLKD LCTF CHEESE SLC NAT MRB,21448234,0.27,0.24,0.14,2.948,0.0091,34,17,0.6588
DC3037,1038180,BD NAT SLICE OLD WHITE CHED,21371887,0.27,0.24,0.14,2.948,0.0091,136,17,2.6352
DF3911,1044705,CB NAT SLICE MONT JACK CC,21290692,0.27,0.24,0.14,2.948,0.0091,85,17,1.647
DF2541,1035173,CB NAT SLICE HAVARTI CC,21290700,0.14,0.27,0.24,2.948,0.0091,85,17,0.854
DF3115,1035175,CB NAT SLICE SWISS CC,21290689,0.14,0.27,0.24,2.948,0.0091,102,17,1.0248
DF1545,1023827,BD SNACK MARBLE CHEDDAR,20986474,0.2,0.28,0.17,2.93,0.0095,96,24,0.976
DF1549,1023828,BD SNACK MEDIUM CHEDDAR,20986479,0.2,0.28,0.17,2.93,0.0095,96,24,0.976
DF1919,1026590,BD CHEESTRING LF,21041750,0.19,0.28,0.16,2.93,0.0085,100,25,0.9272
DC3020,1043703,BLKD CHEESE 4 CHS,21497142,0.15,0.27,0.23,2.922,0.0093,102,17,1.098
DF1541,1044692,KRFT PARM CHSE SHRD,21529152,0.16,0.3,0.23,2.917,0.011,85,17,0.976
DC3836,1043704,BLKD CHEESE WHITE CHD,21497128,0.15,0.27,0.23,2.902,0.0093,39,13,0.549
DC4020,1044734,BD CHSTRNG EXTREME,21537375,0.19,0.28,0.17,2.882,0.009,100,25,0.9272
DC3223,1033694,BLACK DIAMOND CHSTRNG LCTF MZZ,21208872,0.19,0.28,0.16,2.882,0.0085,250,25,2.318
DF3519,1039968,BLKD CHSTRNG PBIO MRB,21403492,0.19,0.28,0.17,2.882,0.009,100,25,0.9272
DD2315,1001559,PILLSBURY WIENER WRAP REG,20305424002,0.13,0.25,0.19,2.87,0.0062,260,26,1.586
DF3711,1025266,JELLO PUDDING CHOCOLATE,21019799,0.11,0.3,0.22,2.859,0.0073,119,17,0.9394
DG2010,1036415,GAY LEA COTTAGE CHEES LACT FRE,21315439,0.09,0.34,0.24,2.84,0.0073,208,13,1.7568
DG1915,1036419,GAY LEA SOUR CREAM LACT FREE,21315430,0.09,0.34,0.24,2.838,0.0073,208,13,1.7568
DC3141,1042024,SILK PB YOB COCO FR FRB,21445884,0.06,0.26,0.39,2.822,0.0061,156,13,0.8784
DC3231,1042025,SILK PB YOB COCO VA,21445872,0.08,0.4,0.26,2.822,0.0083,120,12,0.976
DJ2311,1042817,YOPL DRNKB YOGURT STRWB BN 1MF,21478751,0.15,0.23,0.18,2.819,0.0062,135,27,0.915
DJ3014,1042718,YOPL DRNKB YOGURT STRW 1MF,21478984,0.15,0.23,0.18,2.819,0.0062,270,27,1.83
DF3919,1042818,YOPL LF YOGURT STRWB RSPBRY,21478479,0.15,0.23,0.18,2.815,0.0062,81,27,0.549
DF1915,1042821,YOPL LACTOSE FREE MANGO,21474080,0.15,0.23,0.18,2.815,0.0062,81,27,0.549
DJ4119,1042714,YOPL DRNKBL YOGURT STWBRY 1MF,21478178,0.15,0.23,0.18,2.815,0.0062,270,27,1.83
DJ3311,1042715,YOPL DRNKBL YOGURT PEACH 1MF,21478288,0.15,0.23,0.18,2.815,0.0062,270,27,1.83
DJ2915,1042712,YOPL DRNKBL YOGURT BBRY 1MF,21478227,0.15,0.23,0.18,2.815,0.0062,270,27,1.83
DJ3919,1042713,YOPL DRNKBL YOGURT STRBAN 1MF,21477986,0.15,0.23,0.18,2.815,0.0062,270,27,1.83
DJ2814,1042717,YOPL DRNKB YOGURT COCONUT 1MF,21477883,0.15,0.23,0.18,2.815,0.0062,270,27,1.83
DJ2818,1042716,YOPL DRNKBL YOGURT VANILLA 1MF,21478300,0.15,0.23,0.18,2.815,0.0062,270,27,1.83
DJ4014,1042720,YOPL DRNKBL YOGURT TROP 1MF,21478243,0.15,0.23,0.18,2.815,0.0062,270,27,1.83
DF3311,1042719,YOPL DRNKBL YOGURT FRT 1MF,21478186,0.15,0.23,0.18,2.815,0.0062,135,27,0.915
DJ3519,1042721,YOPL DRNKBL YOGURT LM ED 1MF,21478096,0.15,0.23,0.18,2.815,0.0062,270,27,1.83
DJ1014,1042722,YOPL DRNKBL YOGURT RASBRY 1MF,21478195,0.15,0.23,0.18,2.815,0.0062,270,27,1.83
DJ3315,1007677,IOGO NANO DRINKYOG STRW 1.5%,20609687001,0.14,0.18,0.26,2.81,0.0066,300,25,2.0496
DJ4010,1007678,IOGO NANO DRINKYOG RASP 1.5%,20609687002,0.14,0.26,0.18,2.81,0.0066,300,25,2.0496
DJ3711,1007679,IOGO NANO DRINKYOG BANANA 1.5%,20609687003,0.14,0.26,0.18,2.81,0.0066,300,25,2.0496
DJ2810,1026652,IOGO NANO DRINKYOG PEACH 1.0%,21042490,0.13,0.18,0.26,2.808,0.0061,300,25,1.9032
DJ3715,1019937,IOGO NANO DRINKYOG VAN 1.0%,20903653,0.13,0.18,0.26,2.808,0.0061,300,25,1.9032
DG1719,1016521,PC GREEK 0% STRAWBERRY,20830628001,0.07,0.43,0.25,2.8,0.0075,200,10,1.708
DG1715,1016522,PC GREEK 0% BLUEBERRY,20830628002,0.07,0.43,0.25,2.8,0.0075,200,10,1.708
DG1911,1016523,PC GREEK 0% VANILLA,20830628003,0.07,0.43,0.25,2.8,0.0075,200,10,1.708
DJ2218,1019964,DANONE OIKOS 2% YGRT LTD EDTN,20903842002,0.11,0.17,0.48,2.8,0.009,210,14,2.013
DJ2511,1024762,DANONE OIKOS BANANA,21006595,0.12,0.5,0.18,2.8,0.0108,210,14,2.196
DJ2214,1027882,OIKOS T Z YGRT VANILLA,21078965,0.11,0.49,0.13,2.8,0.007,210,14,2.013
DJ1915,1027884,OIKOS YOGURT TZ MIXD BERRY,21078963,0.11,0.49,0.13,2.8,0.007,210,14,2.013
DJ1214,1027888,OIKOS YOGURT TRIPLE ZERO PE,21076763,0.11,0.49,0.17,2.8,0.0092,210,14,2.013
DJ2014,1026687,DANONE OIKOS BLACKBERRY,21042954003,0.11,0.49,0.17,2.8,0.0092,210,14,2.013
DF2919,1042723,YOPL DRNKBL YGRT ASRTD 1MF,21481820,0.15,0.14,0.21,2.794,0.0044,155,31,0.915
DJ3410,1033282,IOGO NANO DRINKYOG CHERRY,21207561,0.13,0.27,0.17,2.784,0.006,300,25,1.9032
DJ2610,1032899,IOGO NANO DRK YOG 1.5% ASSORTD,20881477,0.12,0.17,0.25,2.767,0.0051,154,22,1.0248
DJ3719,1037488,IOGO NANO DRINK APP/GRP LF,21349902,0.12,0.18,0.26,2.748,0.0056,300,25,1.7568
DF4048,1044697,CB NAT SLICE HERB/GARLIC CC,21290680,0.27,0.24,0.14,2.708,0.0091,85,17,1.647
DF3945,1035170,CB NAT SLICE MJ HABANERO CC,21290683,0.14,0.28,0.24,2.708,0.0094,85,17,0.854
DF3141,1035161,CB NAT SLICE OLD WHITE CC,21290704,0.14,0.27,0.24,2.708,0.0091,102,17,1.0248
DG1614,1027224,PC 2% GREEK RASPBERRY POM,21054024,0.06,0.37,0.28,2.7,0.0062,200,10,1.464
DC3038,1026309,NORDICA SMOOTH COTTAGE PLAIN,21033457,0.1,0.35,0.24,2.7,0.0084,247,13,2.318
DG1814,1027203,PC 2% GREEK PEACH MAN,21053734,0.08,0.37,0.28,2.7,0.0083,180,10,1.7568
DG1618,1027252,PC 2% GREEK PLAIN,21055173,0.06,0.37,0.28,2.7,0.0062,180,10,1.3176
DB3915,1013121,GAY LEA REAL WHIPPED CREAM,20048223001,0.22,0.28,0.2,2.7,0.0123,126,18,1.8788
DF3915,1025262,JELLO STRAWBERRY CHEESECAKE,21019805,0.11,0.3,0.22,2.691,0.0073,119,17,0.9394
DG1818,1017160,GAY LEA SOUR CREAM GOLD 18%,20844651,0.08,0.34,0.24,2.688,0.0065,208,13,1.5616
DH3719,1039742,YOPLAIT YOP NAS STR/RASP,21390088,0.12,0.27,0.2,2.651,0.0065,220,22,1.464
DF4014,1039764,YOPLAIT YOP NAS STR/BAN,21390111,0.12,0.27,0.2,2.651,0.0065,154,22,1.0248
DC2949,1044732,AMOO PIZZA MOZZ CHSE,21536895,0.19,0.28,0.17,2.642,0.009,80,20,0.9272
DG2319,1037531,PC GRK VANILLA 2%,21348028,0.06,0.37,0.28,2.63,0.0062,200,10,1.464
DG2410,1037533,PC GRK BANANA 2%,21347778,0.06,0.37,0.28,2.63,0.0062,200,10,1.464
DG1610,1037536,PC GRK KEY LIME 2%,21347999,0.06,0.37,0.28,2.63,0.0062,200,10,1.464
DF2440,1042293,YUMD CHOCOLATE CHUNK,21464969,0.12,0.31,0.21,2.6,0.0078,120,20,0.8784
DF3244,1042294,YUMD COOKIE DOUGH STRWB CONF,21464785,0.12,0.31,0.21,2.6,0.0078,120,20,0.8784
DC4039,1034670,HANS PEACH YOGURT SMOOTHIE,20694195,0.16,0.21,0.16,2.6,0.0054,270,27,1.952
DJ2418,1032625,DANONE OIKOS STRAW-BAN 2%,21194518,0.12,0.17,0.49,2.594,0.01,210,14,2.196
DJ2018,1021600,DANO OIKOS YO 4% LMN-MERI GFPF,20945864,0.11,0.17,0.48,2.58,0.009,210,14,2.013
DJ1311,1024779,DANO OIKOS YOG 4% BANANA CHOCO,21006800,0.1,0.49,0.18,2.58,0.0088,210,14,1.83
DG1418,1024512,PC YOGURT 0% GREEK CHERRY,21002075,0.06,0.39,0.28,2.55,0.0066,200,10,1.464
DG1711,1024513,PC 0% SKYR VANILLA,21002038001,0.06,0.39,0.28,2.55,0.0066,200,10,1.464
DF3210,1024515,PC 0% SKYR POWERFRUIT,21002038003,0.06,0.39,0.28,2.55,0.0066,70,10,0.5124
DJ1018,1041068,DANONE OIKOS STRAW-RASP 2%,21430727,0.11,0.49,0.17,2.514,0.0092,210,14,2.013
DJ1115,1041069,DANONE OIKOS MAPLE 2%,21430903,0.11,0.49,0.17,2.514,0.0092,210,14,2.013
DC3811,1044369,SILK PB YOB PR VA,21522156,0.06,0.39,0.26,2.51,0.0061,60,12,0.366
DJ1810,1037499,DAN OIKOS EX CRM CAPP 9%,21348922,0.11,0.27,0.17,2.51,0.005,210,14,2.013
DJ2410,1037503,DAN OIKOS EX CRM BLK CHRY 9%,21349092,0.11,0.49,0.17,2.51,0.0092,210,14,2.013
DC3216,1044110,SILK PB YOB PR CH,21522155,0.06,0.39,0.26,2.51,0.0061,24,12,0.1464
DC3638,1024514,PC 0% SKYR STRAWBERRY,21002038002,0.06,0.39,0.28,2.5,0.0066,320,10,2.3424
DJ3911,1042832,DANONE TWO GOOD YOGURT STRWBRY,21476047,0.11,0.49,0.16,2.492,0.0086,210,14,2.013
DJ2119,1042831,DANONE TWO GOOD YOGURT VANILLA,21475943,0.11,0.49,0.16,2.492,0.0086,210,14,2.013
DF3345,1025258,JELLO GEL LEMON LIME,21019833,0.13,0.3,0.22,2.451,0.0086,119,17,1.1102
DF3941,1025264,JELLO GEL STRAWBERRY,21019795,0.11,0.3,0.22,2.451,0.0073,119,17,0.9394
DJ1911,1007207,DANONE OIKOS VANILLA,20625055,0.11,0.49,0.17,2.4,0.0092,210,14,2.013
DJ2711,1006901,DANONE OIKOS PINEAPPLE 2%,20642276001,0.12,0.32,0.24,2.4,0.0092,210,14,2.196
DJ1814,1006902,DANONE OIKOS COCONUT 0%,20642276002,0.11,0.49,0.17,2.4,0.0092,210,14,2.013
DF3044,1044942,SWLN CHOC CHNK COOKIE DOUGH,21530294,0.2,0.2,0.15,2.39,0.006,80,40,0.488
DC3629,1038175,ARMS CHEESE PIZZA MOZZ SLICE,21333851,0.16,0.27,0.15,2.378,0.0065,130,26,0.976
DC3027,1038181,ARM NAT SLICE MED CHED,21333850,0.16,0.27,0.15,2.378,0.0065,312,26,2.3424
DC3226,1038186,ARM NAT SLICE MARBLE CHED,21333849,0.16,0.27,0.15,2.378,0.0065,312,26,2.3424
DF3644,1034568,SWEET LORENS COOKIE CHOC CHUNK,21280092,0.2,0.2,0.15,2.359,0.006,160,40,0.976
DJ3115,1042819,DANONE TWO GOOD YOGURT RASPBRY,21475966,0.11,0.49,0.16,2.348,0.0086,210,14,2.013
DF4141,1040253,PC MONTEREY JACK CHEESE SLICED,21406181,0.17,0.27,0.16,2.316,0.0073,104,26,0.8296
DF4149,1040254,PC GOUDA CHEESE SLICED,21406184,0.17,0.27,0.16,2.316,0.0073,104,26,0.8296
DC3831,1041885,ARMS CHEESE MRBLE SMOKED HAM,21440769,0.21,0.26,0.15,2.307,0.0082,128,32,1.0248
DC3631,1041890,ARMS CHEESE MOZZA SMOK SLMI ST,21440781,0.21,0.26,0.15,2.307,0.0082,128,32,1.0248
DC3628,1007024,SUNSPUN BUTTER CUPS SALTED,20654039,0.15,0.33,0.25,2.3,0.0124,168,14,2.196
DC3235,1043346,CKBR CHEESE NAT CHED OLD WHT,21496865,0.13,0.28,0.2,2.298,0.0073,100,20,0.793
DF3315,1035152,CB SNACK MARBLE CHED CC,21290676,0.13,0.29,0.2,2.298,0.0075,120,20,0.9516
DC3839,1035142,CB SNACK MEDIUM CHED CC,21290667,0.13,0.28,0.2,2.298,0.0073,280,20,2.2204
DF3440,1040252,PC HAVARTI CHEESE SLICED,21405953,0.17,0.27,0.16,2.298,0.0073,104,26,0.8296
DC3813,1028046,PHILA SOFT SMKD SALMON,21083826,0.09,0.34,0.23,2.291,0.007,330,15,2.4156
DE1119,1017993,PHILA SOFT HERB & GARLIC,20866929001,0.08,0.34,0.23,2.29,0.0063,210,15,1.3664
DF1218,1017994,PHILA SOFT PLAIN,20866929002,0.08,0.34,0.23,2.29,0.0063,210,15,1.3664
DE1311,1017997,PHILA SOFT LIGHT PLAIN,20866929003,0.08,0.34,0.23,2.29,0.0063,225,15,1.464
DF1010,1018677,PHILADELPHIA DIP DILL PICKLE,20866839002,0.08,0.34,0.23,2.29,0.0063,225,15,1.464
DE1111,1018077,PHILADELPHIA DIP ONION,20866839001,0.11,0.34,0.23,2.29,0.0086,225,15,2.013
DF2711,1036002,CKBR CHEESE PARM SHRED,21303013,0.15,0.33,0.23,2.282,0.0114,64,16,0.732
DF2915,1044700,KRFT NAT CHSE SHVD,21529164,0.14,0.36,0.24,2.245,0.0121,78,13,1.0248
DC3820,1044733,BD CHEESE STICKS LACT FREE,21537373,0.2,0.28,0.17,2.22,0.0095,100,25,0.976
DC3639,1038188,ARM NAT SLICE SWISS,21333866,0.16,0.27,0.15,2.198,0.0065,312,26,2.3424
DG2519,1037999,PC SOUR CREAM VEGAN,21369455,0.1,0.38,0.25,2.14,0.0095,204,12,2.074
DC3630,1040255,ARMSTRONG MEXICAN FIESTA SLCD,21410223,0.17,0.27,0.15,2.127,0.0069,52,26,0.4148
DC3617,1037159,VIOLIFE VEG MOZZA SH,21339312,0.12,0.4,0.19,2.099,0.0091,105,15,1.0248
DF3240,1037161,VIOLIFE VEG CHEDDAR SH,21339324,0.15,0.36,0.2,2.099,0.0108,75,15,0.915
DJ1315,1027894,ACTIVIA YGRT VAN OTS ALD P DC,21079392,0.1,0.34,0.25,1.93,0.0085,224,14,1.952
DF4145,1044126,CKBR CHSE SKT 4 CHSE,21524469,0.23,0.27,0.2,1.921,0.0124,44,22,0.5612
DF1848,1043347,CKBR CHEESE MEX,21496850,0.23,0.27,0.2,1.907,0.0124,60,20,0.8418
DC3745,1044783,ARMS CURD SOUR CREAM ONION,21539411,0.17,0.27,0.15,1.9,0.0069,52,26,0.4148
DC3741,1044786,ARMS MEDIUM CURD CHEESE,21539032,0.17,0.27,0.15,1.9,0.0069,52,26,0.4148
DC3749,1044784,ARMS SMK BACON CURD,21540213,0.17,0.27,0.15,1.9,0.0069,52,26,0.4148
DG4115,1018562,Del Monte Peach,20881171,0.17,0.16,0.16,1.88,0.0044,294,42,1.4518
DF3614,1043349,CKBR CHSE CRMY ALFREDO,21496842,0.23,0.27,0.2,1.862,0.0124,66,22,0.8418
DC3616,1040629,VIOLIFE VEG SMOK SL,21339317,0.15,0.22,0.13,1.853,0.0043,396,33,2.196
DF2949,1037177,VIOLIFE VEG CHED SL,21339330,0.15,0.22,0.13,1.853,0.0043,205,41,0.915
DC3614,1037178,VIOLIFE VEG M CHED SL,21339319,0.15,0.22,0.13,1.853,0.0043,396,33,2.196
DF1319,1037491,DAN ACT SMTHY MANGO/PEACH,21348601,0.15,0.21,0.11,1.834,0.0035,225,45,0.915
DF3218,1037504,DAN ACT SMTHY STRAW/BLUE BRY,21348503,0.15,0.21,0.11,1.834,0.0035,225,45,0.915
DF2018,1037486,DAN ACT SMTHY KIWI/PINEAPPLE,21348614,0.15,0.21,0.11,1.834,0.0035,225,45,0.915
DC4023,1037164,VIOLIFE VEG ORIG CM,21339327,0.09,0.3,0.14,1.816,0.0038,540,27,2.196
DC3619,1044064,DACT SMTHIE PROB MIX BRY,21521128,0.16,0.22,0.12,1.807,0.0042,225,45,0.976
DF1814,1037494,DANONE GO! STRAW/BANANA,21349123,0.15,0.21,0.11,1.806,0.0035,225,45,0.915
DF2014,1037502,DANONE GO! STRAWBERRY,21349097,0.15,0.21,0.11,1.806,0.0035,225,45,0.915
DF2810,1037497,DANONE GO! PEACH,21349103,0.15,0.21,0.11,1.806,0.0035,225,45,0.915
DF1715,1039740,DANONE OIKOS MO BERRIES,21396076,0.15,0.11,0.21,1.798,0.0035,135,45,0.549
DF2119,1039754,DANONE OIKOS MO BANANA,21401296,0.15,0.11,0.21,1.798,0.0035,225,45,0.915
DF1511,1039757,DANONE OIKOS MO VAN/APR,21396085,0.15,0.11,0.21,1.794,0.0035,135,45,0.549
DC3810,1037975,GAY LEA BUTTER GARLIC PARSLEY,21361743,0.09,0.27,0.12,1.65,0.0029,720,36,2.196
DF2145,1008871,NN NAT SLICES MED CHED,20742451,0.17,0.19,0.14,1.48,0.0045,210,42,1.037
DF2111,1008794,NN NAT SLICES MARBLE CHED,20742315,0.17,0.19,0.14,1.48,0.0045,210,42,1.037
DF2448,1009185,NN NAT SLICES MOZZ,20742372,0.17,0.19,0.14,1.48,0.0045,210,42,1.037
DC2945,1032036,"BF E2G OM3 MD PCHPK 6PK, C05",21180376002,0.23,0.25,0.15,1.4,0.0086,96,32,0.8418
DC4038,1044699,PC LACT FREE MARB CHED SLICES,21506659,0.17,0.19,0.14,1.361,0.0045,210,42,1.037
DC4031,1044701,PC LACT FREE OLD CHED SLICES,21506704,0.17,0.19,0.14,1.361,0.0045,210,42,1.037
DF2545,1009518,NN NAT SLICES SWISS,20742893,0.17,0.19,0.14,1.36,0.0045,210,42,1.037
DF2345,1009387,NN NAT SLICES OLD CHED,20742858,0.17,0.19,0.14,1.36,0.0045,210,42,1.037
DF3511,1033345,BLACK DIAMOND COMBO OLD WTE,21208897,0.12,0.24,0.16,0.765,0.0046,210,30,1.0248
DF2848,1033348,BLACK DIAMOND COMBO MRB,21208641,0.14,0.24,0.16,0.765,0.0054,180,30,1.0248
